Taxon Name,231639724_S3,231642939_S2,AMOSTRA-BRUNO_S1
Escherichia coli,238708.6735686,228778.3517816,10700.3230881
Streptomyces griseocarneus,14.2344143,55611.7524868,151.4854053
Haemophilus parainfluenzae,24.5420936,209.8520205,805.9023561
Onchocerca ochengi,247.8751455,39706.5166305,5972.1606182
Xanthomonas citri,1264.4086632,25091.3388172,531.4108018
Neisseria meningitidis,1047.9473975,24359.2743955,31069.0506834
uncultured beta proteobacterium CBNPD1 BAC clone 578,0.9816837,24035.3092948,4.2415913
Halomonas titanicae,7.3626281,23664.925314,76.9545859
Severe acute respiratory syndrome-related coronavirus,5093.9569512,19810.2241452,18743.5921674
Pseudoalteromonas sp. S558,8257.9236603,18177.8268614,31.5089643
Neisseria polysaccharea,,27.0776801,4.847533
uncultured bacterium,398.0727585,3188.3968273,6855.0175602
Haemophilus haemolyticus,49.5750291,246.6003006,129.6715069
Salmonella enterica,7940.3489689,9258.6324611,43.0218551
Veillonella atypica,3.926735,185.6755204,87.8615351
Bacteroides caccae,424.0873777,7441.526717,2987.8981339
Schaalia odontolytica,1.9633675,112.1789603,116.3407913
Neisseria cinerea,,88.0024602,7.2712995
Haemophilus influenzae,32221.3147101,6312.9676944,872.5559345
Streptococcus intermedius,4.9084187,5806.2282532,9615.0816446
Veillonella sp. DORA_A_3_16_22,326.900687,5651.4986529,2323.1801755
Barnesiella intestinihominis,535.0176409,5449.3831124,9344.8316815
Shigella sonnei,329.8457382,130.5531003,15.1485405
Streptococcus oralis,8.3443118,32.8800401,66.0476367
Lupinus albus,5695.7290867,4944.5777913,63443.2996187
Photorhabdus namnaonensis,5121.4440961,4909.7636312,1.8178249
Streptococcus anginosus,820.1967687,4092.5979293,13486.4426622
Porphyromonas gingivalis,5.8901025,10.63766,19.3901319
Prevotella sp. oral taxon 299,4.4175769,22.2423801,32.1149059
Lactobacillus amylolyticus,213.0253726,2930.1918067,3891.3570911
Thermotoga sp. TBYP3.1.4.1,755.8964834,2664.2503061,6.6653578
Fusobacterium periodonticum,4.4175769,6.76942,156.3329383
Burkholderia multivorans,,2379.9346654,9.0891243
Xenorhabdus stockiae,1105.3758965,2315.1416453,20.6020151
Gemella haemolysans,1.4725256,41.5835801,66.0476367
Corynebacterium efficiens,0.4908419,2259.0521652,17.572307
Parabacteroides distasonis,143.3258267,2250.3486251,52.716921
Streptococcus pneumoniae,216.4612657,2129.4661249,11585.6037966
Thiomonas sp. CB2,99.6409001,2025.0236446,79.3783524
Influenza A virus,184123.1306287,1862.5575642,
Trichuris trichiura,12.2710468,1842.2493042,126.0358572
Streptococcus pyogenes,3.926735,1817.1057441,281.1569122
all taxa with neither family nor genus classification,503.1129192,1786.1598241,2129.8847984
Curvibacter putative symbiont of Hydra magnipapillata,531.5817478,1752.312724,32.1149059
Avibacterium paragallinarum,9038.3622374,1733.938584,7507.0107446
Prevotella melaninogenica,20.6153586,504.8053212,210.2617425
Mycobacterium tuberculosis,276.834816,1635.2984637,12289.1020188
Leptotrichia wadei,0.4908419,14.5059,14.5425989
Lancefieldella parvula,0.9816837,53.1883001,16.9663654
Varibaculum cambriense,,1466.0629633,2956.3891696
bacterium F082,26.0146192,1407.0723032,969.5065939
Fusobacterium nucleatum,842.7754948,1395.4675832,21464.2700464
Paraprevotella clara,22.0878843,1374.1922631,476.8760559
Campylobacter concisus,3.926735,88.0024602,132.701215
Halobacillus karajensis,,1176.9120227,129.0655653
Streptococcus infantarius,34.8497729,1164.3402427,130.2774485
Lacimicrobium alkaliphilum,1110.2843152,1083.1072025,
Prevotella sp. oral taxon 473,50.065871,1075.3707225,679.8664989
Lipomyces starkeyi,39.2673498,1074.4036624,10.3010076
bacterium P201,473.6624068,1031.8530224,21846.0132677
Staphylococcus aureus,71.6629134,958.3564622,1163.4079126
Streptococcus suis,359.2962506,949.6529222,1625.7413696
Veillonella dispar,6.8717862,514.4759212,341.1451327
[Ruminococcus] torques,163.4503435,835.5398419,3029.7081058
Bacteroides ovatus,6.3809443,12.57178,301.7589273
Paenibacillus sp. P22,593.9186655,792.0221418,13562.1853648
Selenomonas sp. oral taxon 478,,10.63766,2.4237665
Bacillus toyonensis,5.8901025,779.4503618,9.0891243
Halteria grandinella,76964.9872676,764.9444617,3687.1547648
Collinsella aerofaciens,7.3626281,749.4715017,1348.2201071
Pantoea ananatis,2271.6161852,742.7020817,75.7427026
Bacteroidetes bacterium ADurb.BinA012,334.2633151,740.7679617,5308.0486014
Streptococcus parasanguinis,4.9084187,160.5319604,115.128908
Selenomonas sp. oral taxon 149,0.4908419,712.7232216,286.6103868
Blautia obeum,59.3918666,667.2714015,2842.4721449
Granulicatella adiacens,,6.76942,5.4534746
Chromobacterium violaceum,,624.7207614,5554.6668412
Enterocloster bolteae,1.9633675,145.0590003,24.2376648
Photorhabdus luminescens,1083.7788541,584.1042413,12.1188324
Klebsiella pneumoniae,1104.3942128,388.7581209,51.5050378
uncultured Ruminococcus sp.,3.926735,547.3559612,98.1625426
Haemophilus parahaemolyticus,5.3992606,49.3200601,64.2298118
Parabacteroides sp. AM17-47,26.5054611,525.1135812,21.8138984
Capnocytophaga leadbetteri,5.8901025,16.44002,172.0874204
Campylobacter sputorum,5.3992606,494.1676611,3161.1974376
Vibrio parahaemolyticus,295.4868072,491.2664811,225.4102831
Mucor ambiguus,2.4542094,484.4970611,95.1328345
Phascolarctobacterium faecium,126.6372031,479.6617611,9233.3384232
Mannheimia haemolytica,7722.4151776,417.769921,373.8659803
Pasteurella multocida,686.6877794,416.802861,976.1719517
Alloprevotella sp.,8.3443118,368.4498608,61.8060454
Ideonella sp. MAG2,159.0327666,367.4828008,6.0594162
Beta vulgaris,13408.8182687,339.4380608,35.7505556
Prevotella jejuni,,61.8918401,8.4831827
Leptotrichia hofstadii,80.0072252,319.1298007,360.5352646
Propionibacterium freudenreichii,0.4908419,312.3603807,19.9960735
Rothia mucilaginosa,,59.9577201,84.831827
Prevotella histicola,5.8901025,274.6450406,16.3604238
Veillonella sp. AF36-20BH,,265.9415006,4.2415913
Streptobacillus moniliformis,,3.86824,2.4237665
Veillonella rodentium,,140.2237003,3.0297081
Serratia marcescens,1519.1555949,243.6991206,8.4831827
Streptococcus mitis,22.0878843,88.0024602,174.5111869
Phycicoccus elongatus,0.4908419,225.3249805,1.2118832
Veillonella sp. T14073-2,,220.4896805,39.3862054
Trichomonas vaginalis,,30.9459201,
Tannerella sp. oral taxon HOT-286,2.9450512,35.7812201,138.7606312
Enterobacter hormaechei,15.7069399,17.40708,79.984294
Selenomonas sputigena,,13.53884,1.2118832
Prevotella intermedia,17.6703074,45.4518201,72.1070529
Streptococcus salivarius,2.4542094,127.6519203,81.1961772
Pseudomonas savastanoi,172.7763391,172.1366804,3768.9568836
Melampsora larici-populina,,171.1696204,
Candidatus Saccharibacteria bacterium oral taxon 488,0.9816837,7.73648,6.6653578
Selenomonas sp. oral taxon 136,,29.0118001,0.6059416
Actinomyces graevenitzii,55.4651316,153.7625404,81.1961772
Veillonella nakazawae,,5.80236,1.8178249
Prevotella copri,100.131742,150.8613603,124.823974
Chlamydia trachomatis,10.3076793,149.8943003,115.7348496
Algoriella xinjiangensis,201.2451677,143.1248803,5335.3159743
Veillonella parvula,2.9450512,88.0024602,273.8856128
Eubacterium ventriosum,2.9450512,134.4213403,430.8244926
Trichococcus palustris,,134.4213403,103.0100756
Prevotella denticola,8.8351537,129.5860403,11.5128908
[Ruminococcus] gnavus,1.9633675,20.30826,37.5683805
Prevotella oris,27.4871449,82.2001002,1273.6892877
Neisseria lactamica,5.3992606,117.9813203,82.4080605
Acinetobacter baumannii,147.7434036,111.2119003,38.1743221
Prevotella salivae,0.9816837,111.2119003,6.0594162
Enterococcus faecium,6.3809443,95.7389402,225.4102831
Streptococcus agalactiae,16.1977818,94.7718802,185.4181361
Bacteroides fragilis,24.0512517,93.8048202,32.1149059
Neisseria mucosa,1.4725256,4.8353,26.6614313
Neisseria subflava,7.3626281,37.7153401,273.2796711
Schaalia turicensis,3.4358931,88.0024602,1154.3187883
Prevotella pallens,26.5054611,87.0354002,192.0834939
uncultured bacterium 5E7,,80.2659802,3.0297081
Gemella morbillorum,1.4725256,75.4306802,18.7841903
Fusobacterium pseudoperiodonticum,7.85347,24.1765001,433.2482591
Bacillus cereus,56.4468153,74.4636202,54.5347459
Neisseria gonorrhoeae,4.4175769,69.6283202,69.0773448
Parabacteroides merdae,10.7985212,72.5295002,13951.8058272
Phocaeicola vulgatus,20.6153586,72.5295002,194.5072604
Prevotella scopos,1.4725256,24.1765001,15.7544822
Vibrio campbellii,45.6482941,71.5624402,29.0851978
Prevotella sp. ICM33,2.4542094,70.5953802,58.7763373
Veillonella sp. 3_1_44,1.9633675,70.5953802,696.2269227
Porphyromonas sp. oral taxon 279,1.4725256,67.6942002,315.089643
Mycobacteroides abscessus,0.9816837,65.7600801,50.2931546
Coprobacillus sp. 8_1_38FAA,2.9450512,65.7600801,33.9327308
Prevotella dentalis,0.4908419,4.8353,
TM7 phylum sp. oral taxon 352,9.3259956,65.7600801,73.9248778
[Clostridium] symbiosum,5.3992606,65.7600801,791.9656989
Porphyromonas sp. KLE 1280,1.9633675,64.7930201,361.1412062
Neisseria elongata,1.9633675,5.80236,21.2079567
Rickettsia endosymbiont of Proechinophthirus fluctus,45.1574523,62.8589001,6.0594162
Citrobacter koseri,,1.93412,0.6059416
Schaalia meyeri,,1.93412,2.4237665
Listeria monocytogenes,83.4431183,60.9247801,7.2712995
Actinomyces bouchesdurhonensis,0.4908419,58.0236001,4.2415913
Pinus koraiensis,0.9816837,58.0236001,
Leptotrichia sp. oral taxon 212,2.9450512,11.60472,26.6614313
Gossypium barbadense,,55.1224201,7.2712995
Brassica rapa,,55.1224201,
Porphyromonas pasteri,0.9816837,54.1553601,481.1176472
Glaesserella parasuis,15.216098,54.1553601,133.9130983
Faecalibacterium prausnitzii,162.9595016,53.1883001,23365.7148536
Streptococcus sp. oral taxon 061,,4.8353,1.2118832
Brassica napus,,52.2212401,
Lysinibacillus sp. B2A1,1.9633675,52.2212401,21.8138984
Megasphaera micronuciformis,,52.2212401,
Alloprevotella rava,2.4542094,51.2541801,3.0297081
Streptococcus thermophilus,1.9633675,39.6494601,310.8480517
Porphyromonas somerae,0.9816837,50.2871201,439.913617
Prevotella sp. oral taxon 317,35.8314567,50.2871201,1882.0546753
Gemella sanguinis,,20.30826,98.7684842
Bacteroides uniformis,10.7985212,49.3200601,66.6535783
Phocaeicola plebeius,13.7435724,47.3859401,47.2634465
Rhizopus oryzae,96.205007,46.4188801,6.0594162
Selenomonas sp. oral taxon 126,,1.93412,
Neisseria flavescens,8.3443118,45.4518201,336.9035414
Lachnospiraceae bacterium 6_1_37FAA,0.9816837,45.4518201,37.5683805
Bacteroides thetaiotaomicron,0.4908419,11.60472,5.4534746
Corynebacterium rouxii,1.4725256,44.4847601,1989.3063423
Citrobacter youngae,2841.483599,44.4847601,1.8178249
Porphyromonas sp.,2.9450512,43.5177001,0.6059416
Parabacteroides sp. D13,3.4358931,42.5506401,9.0891243
Selenomonas sp. oral taxon 920,,1.93412,0.6059416
Oribacterium sinus,,40.6165201,109.6754334
Shigella dysenteriae,1.4725256,2.90118,
Negativicoccus succinicivorans,6.8717862,39.6494601,690.7734481
Lactiplantibacillus plantarum,365.6771949,39.6494601,1.8178249
Prevotella sp. C561,,39.6494601,6.0594162
Selenomonas flueggei,1.9633675,38.6824001,17.572307
Providencia stuartii,3216.4867895,38.6824001,22.41984
Prevotella fusca,,11.60472,3.6356497
Nocardia cyriacigeorgica,5.3992606,38.6824001,7.8772411
Enterococcus faecalis,9.8168374,28.0447401,23.6317232
Prevotella veroralis,1.9633675,37.7153401,9.0891243
Caldalkalibacillus thermarum,1.4725256,37.7153401,534.4405099
Veillonella sp.,,37.7153401,15.1485405
Prevotella nanceiensis,4.4175769,26.1106201,108.4635502
Mogibacterium diversum,,8.70354,12.724774
Actinomyces sp. ICM47,0.4908419,33.8471001,23.0257816
Veillonella tobetsuensis,7.85347,33.8471001,126.0358572
Cutibacterium acnes,106.5126863,33.8471001,12040.0600125
Prevotella nigrescens,106.5126863,33.8471001,5675.2492238
Amedibacillus dolichus,0.4908419,32.8800401,7071.3387189
Prevotella sp. oral taxon 313,,32.8800401,9.0891243
Dorea longicatena,440.2851595,31.9129801,98.1625426
Prevotella amnii,0.9816837,31.9129801,3116.9636992
Clostridioides difficile,1.9633675,30.9459201,121.7942659
Virgibacillus profundi,16.1977818,30.9459201,780.4528081
Prevotella disiens,,29.9788601,9.0891243
Fusobacterium necrophorum,6.8717862,29.9788601,750.7616686
Collinsella intestinalis,,29.9788601,41.2040302
Lactobacillus crispatus,1.4725256,29.9788601,17.572307
[Eubacterium] sulci,0.9816837,1.93412,11.5128908
Neisseria sicca,3.926735,29.0118001,18.7841903
Massarina eburnea,,28.0447401,
Prevotella sp. oral taxon 306,2.4542094,28.0447401,2.4237665
Clostridium sp. SS2/1,,28.0447401,4.847533
Bacteroidetes bacterium RIFOXYC12_FULL_35_7,,28.0447401,
Enterococcus gallinarum,0.9816837,27.0776801,8.4831827
Genlisea aurea,15.216098,27.0776801,3.0297081
Pseudoflavonifractor capillosus,18.1611493,27.0776801,467.1809899
Prevotella sp. F0091,0.9816837,26.1106201,9.0891243
Corynebacterium diphtheriae,3.4358931,26.1106201,2320.756409
uncultured Gammaproteobacteria bacterium,281.7432347,3.86824,1.8178249
Streptococcus sp. oral taxon 431,1.9633675,0.96706,
Streptococcus infantis,5.3992606,25.1435601,99.9803675
Tannerella forsythia,0.9816837,1.93412,4.847533
Streptococcus australis,,13.53884,134.5190399
Periconia macrospinosa,13.7435724,25.1435601,89.6793599
Methylococcaceae bacterium HT1,15.7069399,25.1435601,1.2118832
Capnocytophaga sputigena,14.2344143,18.37414,416.2818937
Bacteroides xylanisolvens,2.4542094,25.1435601,66.6535783
Rhodococcus sp. RD6.2,5.3992606,24.1765001,83.0140021
Bacteroides intestinalis,5.3992606,24.1765001,55.7466291
Actinomyces sp. oral taxon 172,0.9816837,24.1765001,12.724774
bacterium P3,11.7802049,24.1765001,24.2376648
Ephemera danica,2022.2685141,23.2094401,38.1743221
Granulicatella elegans,,23.2094401,3.6356497
Arthrobacter sp. 8AJ,,23.2094401,3.0297081
Coprococcus eutactus,5.3992606,23.2094401,834.987554
Mycobacterium ahvazicum,76.0804902,23.2094401,
Gilliamella apis,38.285666,23.2094401,7.2712995
Streptomyces capitiformicae,,23.2094401,
Sanguibacter keddieii,,22.2423801,
Actinomyces sp. S6-Spd3,,22.2423801,2.4237665
Acinetobacter sp. 25977_7,9.3259956,22.2423801,15.7544822
Pedobacter quisquiliarum,10.3076793,22.2423801,11.5128908
Pseudarthrobacter siccitolerans,,22.2423801,
[Eubacterium] rectale,0.9816837,22.2423801,35.7505556
Candidatus Hakubanella thermoalkaliphilus,1223.6687878,21.27532,2.4237665
Shigella flexneri,14.7252562,21.27532,
Streptococcus pseudopneumoniae,3.4358931,21.27532,29.6911394
Lactobacillus jensenii,74.6079646,21.27532,552.0128169
uncultured alpha proteobacterium HF0070_14E07,26.5054611,21.27532,7.2712995
Bacteroides sp. 2_1_22,5.3992606,20.30826,409.6165359
Anaerobutyricum hallii,1.4725256,20.30826,9.0891243
Prevotella timonensis,4.9084187,20.30826,66.0476367
Prevotella shahii,5.8901025,20.30826,445.9730332
Aggregatibacter segnis,4.4175769,11.60472,8.4831827
Lactobacillus backii,0.4908419,19.3412,146.6378723
Prevotella bivia,,19.3412,5.4534746
Rhodococcus ruber,1.4725256,19.3412,36.9624389
Actinomyces sp. oral taxon 181,0.4908419,19.3412,9.6950659
Tothia fuscella,9.8168374,19.3412,53.3228627
Selenomonas sp. CM52,1.4725256,19.3412,
Clostridium sp. L2-50,5.8901025,19.3412,40.5980886
Shigella boydii,1.9633675,0.96706,
Bifidobacterium longum,1.4725256,18.37414,28.4792562
Prevotella sp. A2879,0.9816837,18.37414,
Actinomyces sp. HMSC035G02,,18.37414,1.8178249
Vibrio harveyi,9.3259956,18.37414,29.6911394
Atopobium sp. BS2,,18.37414,4.2415913
Atopobium sp. ICM42b,,18.37414,1.8178249
Clostridium sp. IBUN22A,,17.40708,2.4237665
Staphylococcus epidermidis,0.9816837,17.40708,6.6653578
Pontibacillus salipaludis,,17.40708,
Clostridium sp. AF12-28,0.4908419,17.40708,74.5308194
Geitlerinema sp. FC II,1.9633675,17.40708,3.6356497
Streptococcus ruminantium,3.4358931,17.40708,6.6653578
Rhizophagus sp. MUCL 43196,2.9450512,16.44002,432.6423175
Anaerostipes caccae,2.9450512,16.44002,35.144614
Rhodocyclaceae bacterium,0.9816837,16.44002,6.0594162
Veillonella sp. T11011-6,,16.44002,6.6653578
Granulicatella sp.,,16.44002,1.2118832
Actinomyces sp. ICM54,,16.44002,3.0297081
Yersinia pestis,0.9816837,0.96706,9.0891243
Enterococcus durans,1.4725256,16.44002,684.7140319
Haemophilus pittmaniae,2.9450512,15.47296,8.4831827
Veillonella sp. AF42-16,4.4175769,15.47296,11403.2153686
Aggregatibacter aphrophilus,3.4358931,14.5059,6.6653578
Bifidobacterium adolescentis,15.7069399,15.47296,26.0554897
Porphyromonas sp. oral taxon 278,0.4908419,15.47296,73.9248778
Streptococcus iniae,4.4175769,15.47296,73.9248778
Roseobacter sp. AzwK-3b,58.4101828,15.47296,13.9366573
uncultured Lachnospira sp.,0.4908419,15.47296,17.572307
Oribacterium parvum,,15.47296,23.0257816
Actinomyces sp. oral taxon 849,2.9450512,15.47296,676.8367908
Streptomyces himastatinicus,1.9633675,15.47296,12.724774
Aneurinibacillus migulanus,0.9816837,15.47296,3.6356497
Capitella teleta,9.8168374,15.47296,5.4534746
Plasmopara halstedii,35.3406148,15.47296,
uncultured Coprococcus sp.,0.9816837,15.47296,6.6653578
Lacticaseibacillus rhamnosus,5.8901025,14.5059,12.724774
Prevotella bryantii,1.9633675,14.5059,6.0594162
Paenibacillus polymyxa,0.4908419,14.5059,6.6653578
Hungatella hathewayi,0.9816837,11.60472,3.0297081
Streptococcus sp.,0.4908419,14.5059,1.2118832
Gardnerella vaginalis,10.3076793,14.5059,48.4753297
Porphyromonas crevioricanis,2.9450512,14.5059,34.5386724
Myriangium duriaei,3.926735,13.53884,25.4495481
Streptobacillus hongkongensis,,13.53884,
TM7 phylum sp. oral taxon 351,5.3992606,13.53884,59.3822789
Rhynchophorus ferrugineus,24.0512517,13.53884,95.1328345
Stomatobaculum longum,,13.53884,39.3862054
Magnetospirillum gryphiswaldense,45.1574523,13.53884,2687.9570315
Alloprevotella tannerae,3.926735,11.60472,133.3071567
Enterocloster clostridioformis,,13.53884,6.6653578
Selenomonas felix,,13.53884,1.2118832
Eisenbergiella massiliensis,0.4908419,13.53884,14.5425989
Sepia pharaonis,5.8901025,13.53884,2.4237665
Lactobacillus iners,12.7618887,13.53884,24.2376648
Pararhodospirillum photometricum,0.9816837,13.53884,27.267373
Xylanimonas cellulosilytica,,12.57178,21.8138984
Curtobacterium sp. 8I-2,3.926735,12.57178,193.9013188
Porphyromonadaceae bacterium KA00676,,12.57178,152.6972885
Legionella pneumophila,17.1794655,12.57178,4.2415913
Sphingobacterium paucimobilis,3.926735,12.57178,15.7544822
Prevotella ruminicola,,1.93412,4.2415913
Bifidobacterium hapali,19.142833,12.57178,22.41984
Veillonella sp. T34266-5,,11.60472,0.6059416
Streptococcus sp. A12,,0.96706,7.2712995
Vibrio cholerae,87.3698533,11.60472,7.2712995
TM7 phylum sp. oral taxon 348,13.7435724,11.60472,1.2118832
Treponema socranskii,39.2673498,11.60472,407.798711
Candidatus Burkholderia brachyanthoides,5.3992606,11.60472,0.6059416
Streptomonospora nanhaiensis,,11.60472,
Streptomyces sp. SPB78,4.4175769,11.60472,47.8693881
Lachnoanaerobaculum saburreum,0.9816837,11.60472,30.9030227
Veillonella caviae,,11.60472,13.9366573
Oribacterium sp. oral taxon 078,1.4725256,11.60472,16.9663654
Cupriavidus taiwanensis,,11.60472,32.1149059
Schaalia georgiae,,11.60472,4.847533
Streptococcus sp. 5346,,11.60472,
Actinomyces sp. HPA0247,,11.60472,1.2118832
fungal sp. No.11243,4.4175769,11.60472,12.1188324
Porphyromonas catoniae,1.9633675,11.60472,68.4714032
Bathymodiolus azoricus thioautotrophic gill symbiont,405.4353866,11.60472,9.6950659
Bacillus velezensis,6.3809443,11.60472,132.0952734
Oribacterium asaccharolyticum,,11.60472,3.6356497
Centipeda periodontii,1.9633675,11.60472,4902.0677152
Megasphaera elsdenii,,1.93412,
Streptococcus cristatus,0.9816837,6.76942,6.0594162
Streptomyces viridochromogenes,,10.63766,
uncultured Bacteroides sp.,23.069568,10.63766,2179.5720113
Candidatus Saccharimonas sp.,0.4908419,10.63766,28.4792562
Heliobacterium modesticaldum,12.7618887,10.63766,63.0179286
Streptococcus sp. 263_SSPC,,10.63766,17.572307
Vibrio splendidus,0.9816837,10.63766,272.6737295
Eubacterium sp. 14-2,5.3992606,10.63766,46.6575048
Brevibacillus laterosporus,7.85347,10.63766,370.8362722
Streptomyces sp. e14,1.4725256,10.63766,152.6972885
Mycoplasma capricolum,,10.63766,3.0297081
uncultured bacterium 5G12,2.9450512,9.6706,15.1485405
Solobacterium moorei,,9.6706,37.5683805
Cuscuta campestris,,9.6706,1.2118832
Micromonospora yangpuensis,,9.6706,12.1188324
Candidatus Amulumruptor caecigallinarius,,9.6706,21.2079567
Bacteroides sp. 3_1_33FAA,4.9084187,9.6706,16.3604238
Latilactobacillus sakei,0.4908419,9.6706,6.6653578
Paenibacillus curdlanolyticus,0.9816837,9.6706,50.2931546
Enterococcus sp. 12E11_DIV0728,0.9816837,9.6706,46.6575048
Clostridium botulinum,2.9450512,9.6706,129.0655653
Paenibacillus sp. oral taxon 786,0.4908419,9.6706,7.2712995
Leptotrichia sp. oral taxon 847,,0.96706,
Enterobacter cloacae,2.4542094,3.86824,1.8178249
Acetobacter syzygii,0.9816837,9.6706,
Selenomonas noxia,1.9633675,8.70354,19.3901319
Fusobacterium sp. CM21,5.8901025,8.70354,89.6793599
Sphingobacterium olei,2.4542094,8.70354,4.847533
Prevotella pleuritidis,0.4908419,8.70354,4.847533
Proteus mirabilis,17.1794655,8.70354,
Bifidobacterium animalis,0.4908419,8.70354,81.1961772
Isoptericola variabilis,,8.70354,1.2118832
Bacteroides sp. 2_1_33B,1.9633675,8.70354,10.9069492
Neisseria bergeri,,8.70354,1.8178249
Leptotrichia sp. oral taxon 215,1.9633675,8.70354,61.2001037
Streptococcus equinus,,1.93412,0.6059416
Selenomonas infelix,,8.70354,0.6059416
Candidatus Nanosynbacter lyticus,,1.93412,1.8178249
Megamonas rupellensis,0.9816837,8.70354,1.8178249
Veillonella sp. ICM51a,1.4725256,8.70354,83.0140021
Faecalicatena contorta,,8.70354,
Hungateiclostridium thermocellum,1.9633675,8.70354,495.6602461
uncultured Chromatiales bacterium HF0200_41F04,13.2527306,8.70354,2.4237665
Clostridium sp. AM42-4,,8.70354,9.0891243
Clonorchis sinensis,291.5600722,8.70354,4.847533
Catenibacterium mitsuokai,6.8717862,8.70354,3.6356497
Actinomyces sp. ICM58,,8.70354,17.572307
Klebsiella variicola,3.926735,7.73648,
Porphyromonas cangingivalis,,0.96706,1.2118832
Leptotrichia sp. oral taxon 417,,7.73648,2.4237665
Escherichia sp. E2661,2399.235072,7.73648,
Anisakis simplex,1094.5773753,7.73648,19.3901319
Bifidobacterium lemurum,2.4542094,7.73648,
Candidatus Nitrosacidococcus tergens,4.9084187,7.73648,2.4237665
Aspergillus campestris,7.3626281,7.73648,
Veillonella sp. CHU110,0.4908419,7.73648,8.4831827
Rhizoctonia solani,11.7802049,7.73648,27.8733146
Achromobacter insolitus,0.9816837,7.73648,9.6950659
Taylorella asinigenitalis,7.3626281,7.73648,30.2970811
Chlamydia pecorum,3.926735,7.73648,6.0594162
Burkholderia sp. RPE67,1.9633675,7.73648,4.847533
Streptomyces sp. C,,7.73648,343.5688992
Marinimicrobia bacterium 46_43,,7.73648,10.9069492
Pseudomonas aeruginosa,,7.73648,6.0594162
Finegoldia magna,0.9816837,7.73648,107.2516669
Lactobacillus pasteurii,990.0280565,7.73648,13.9366573
Dickeya zeae,,3.86824,
Streptococcus equi,,7.73648,44.2337383
Staphylococcus muscae,,7.73648,
Oribacterium sp. oral taxon 108,,7.73648,10.9069492
Odoribacter sp. AF21-41,2.9450512,7.73648,4.2415913
Odoribacter splanchnicus,2.9450512,7.73648,12.724774
Actinobaculum sp. 352,,7.73648,2.4237665
Burkholderia sp. MSHR3999,,7.73648,4.847533
Streptococcus sanguinis,1.9633675,0.96706,14.5425989
Alloprevotella sp. Lung230,0.9816837,7.73648,4.2415913
Abscondita terminalis,1.9633675,7.73648,16.9663654
Peptacetobacter hiranonis,0.9816837,7.73648,9.6950659
Veillonella rogosae,0.9816837,6.76942,266.0083717
Digitaria exilis,8.8351537,6.76942,
Actinobacillus pleuropneumoniae,2.4542094,6.76942,214.5033339
Lachnoanaerobaculum sp. MSX33,,6.76942,16.9663654
Capnocytophaga gingivalis,1.9633675,1.93412,123.0061491
Eikenella corrodens,,6.76942,7.8772411
Carnobacterium maltaromaticum,0.4908419,6.76942,24.2376648
Brugia timori,1.4725256,6.76942,50.8990962
Streptomyces lydicamycinicus,,6.76942,
Veillonella sp. 3310,0.4908419,6.76942,7.8772411
Streptococcus sp. FDAARGOS_192,,0.96706,
Saccharibacillus endophyticus,3.926735,6.76942,962.841236
Citrobacter freundii,2.4542094,2.90118,6.6653578
Stenotrophomonas maltophilia,,5.80236,3.0297081
Sporosarcina sp. P29,0.4908419,5.80236,1.8178249
Klebsiella oxytoca,79.0255414,4.8353,0.6059416
Aggregatibacter actinomycetemcomitans,3.926735,5.80236,21.8138984
Actinomyces sp. oral taxon 180,,5.80236,1.8178249
Selenomonas massiliensis,,5.80236,
Veillonella sp. ACP1,,5.80236,
Prevotella corporis,11.7802049,5.80236,4.847533
Streptobacillus felis,,5.80236,
Tenacibaculum finnmarkense,0.4908419,5.80236,
Bacillus coagulans,1.9633675,5.80236,383.5610462
Schaalia hyovaginalis,,5.80236,
Aspergillus heteromorphus,7.85347,5.80236,21.2079567
Veillonella sp. CHU732,0.4908419,5.80236,
Clostridiales bacterium TF09-2AC,0.9816837,5.80236,13.3307157
Oceanicaulis sp. 350,0.4908419,5.80236,0.6059416
Kytococcus sedentarius,0.9816837,5.80236,3.0297081
Prevotella maculosa,,5.80236,3.0297081
Sharpea azabuensis,,5.80236,
Clostridiaceae bacterium TF01-6,,5.80236,3.0297081
Streptomyces viridosporus,34.8497729,4.8353,36.3564973
Prevotella oulorum,,4.8353,7.2712995
Prevotella sp. S7-1-8,,4.8353,1.8178249
Legionella jordanis,0.4908419,4.8353,
Campylobacter jejuni,13.7435724,4.8353,43.0218551
Rothia aeria,,4.8353,3.6356497
Capnocytophaga ochracea,2.9450512,1.93412,49.6872129
Flavobacteria bacterium MS024-2A,,4.8353,
Selenomonas sp. oral taxon 138,,4.8353,1.2118832
Frigoribacterium sp. 9N,0.4908419,4.8353,75.136761
Salana multivorans,,4.8353,
Lacinutrix sp. 5H-3-7-4,,4.8353,
Collinsella stercoris,0.9816837,4.8353,4.2415913
Streptomyces filamentosus,,4.8353,17.572307
uncultured Clostridium sp.,2.4542094,4.8353,2001.4251747
Legionella birminghamensis,0.4908419,4.8353,
Haemophilus paraphrohaemolyticus,,4.8353,4.847533
Limosilactobacillus reuteri,0.9816837,4.8353,21.8138984
Prevotella sp.,0.9816837,4.8353,30.9030227
Streptomyces sp. t39,,4.8353,
Actinomyces oris,0.4908419,4.8353,984.0491928
Streptomyces lividans,,4.8353,1228.8496077
Prevotella buccae,,4.8353,10.3010076
Anoxybacillus sp. BCO1,0.4908419,4.8353,0.6059416
[Ruminococcus] lactaris,,4.8353,11.5128908
Granulicatella sp. HMSC31F03,,4.8353,5.4534746
Thalictrum thalictroides,0.9816837,4.8353,
Anaerolineaceae bacterium,,4.8353,1.8178249
Georgenia thermotolerans,,4.8353,
Shimwellia blattae,1.4725256,4.8353,4.2415913
Haematococcus lacustris,0.9816837,4.8353,
Clostridium diolis,,4.8353,0.6059416
Campylobacter coli,1.4725256,4.8353,43.0218551
Phocaeicola coprocola,5.3992606,4.8353,19.9960735
Geobacillus stearothermophilus,2.9450512,4.8353,5.4534746
Streptococcus gordonii,,0.96706,3.0297081
Veillonella sp. CHU740,0.4908419,4.8353,
Trichococcus pasteurii,0.9816837,4.8353,4.2415913
Megasphaera genomosp. type_2,,4.8353,
Capnocytophaga endodontalis,,1.93412,4.847533
Clostridium acetireducens,3.4358931,4.8353,27.267373
Sphaceloma murrayae,0.9816837,3.86824,0.6059416
Mannheimia sp. ZY190616,,3.86824,
Lachnospiraceae bacterium oral taxon 096,,3.86824,1.2118832
Pseudooceanicola nanhaiensis,0.9816837,3.86824,3.0297081
Asaia bogorensis,,3.86824,
Prevotella baroniae,3.926735,3.86824,3.0297081
Porphyromonas gulae,,3.86824,11.5128908
Eubacterium sp. TM05-53,,3.86824,
Novimethylophilus kurashikiensis,,3.86824,17.572307
Prevotella saccharolytica,0.9816837,3.86824,11.5128908
Muribaculaceae bacterium Isolate-002 (NCI),,3.86824,
Triticum turgidum,2.4542094,3.86824,9.6950659
Isoptericola cucumis,0.4908419,3.86824,17.572307
Staphylococcus pasteuri,,3.86824,3.0297081
Listeria grayi,1.4725256,3.86824,3.0297081
[Clostridium] scindens,,3.86824,19.3901319
Proteobacteria bacterium,,3.86824,1.2118832
Thermoanaerobacter ethanolicus,0.4908419,3.86824,3.0297081
uncultured Eubacterium sp.,,3.86824,4.2415913
Linnemannia gamsii,,3.86824,
Burkholderiales bacterium 8X,0.4908419,3.86824,7.8772411
Prevotella sp. HMSC069G02,,3.86824,1.2118832
Catonella morbi,1.9633675,3.86824,12.1188324
Corynebacterium kutscheri,,0.96706,
Tetrasphaera jenkinsii,,3.86824,
Streptococcus sp. 53,,3.86824,
Trueperella pyogenes,,3.86824,
Thermotalea metallivorans,,3.86824,0.6059416
Leptotrichia sp. oral taxon 225,,3.86824,1.2118832
Actinomyces succiniciruminis,1.4725256,2.90118,24.8436065
Eggerthella lenta,0.9816837,3.86824,1.8178249
Selenomonas ruminantium,,1.93412,
Gemella sp.,,3.86824,1.8178249
Penicillium solitum,,3.86824,
Blautia hydrogenotrophica,,3.86824,3.6356497
Lizonia empirigonia,,3.86824,1.2118832
Corynebacterium pseudogenitalium,0.4908419,3.86824,22.41984
Lachnoanaerobaculum gingivalis,,3.86824,14.5425989
Ruminococcus sp. AF24-16,,3.86824,
Burkholderia mallei,0.9816837,3.86824,7.8772411
Bacillus stratosphericus,0.9816837,3.86824,20.6020151
Proteiniphilum saccharofermentans,,3.86824,
Lachnospiraceae bacterium,0.9816837,3.86824,101.1922507
Actinobaculum massiliense,0.4908419,3.86824,3.6356497
Tannerella sp.,,3.86824,3.0297081
Nocardiopsis terrae,,3.86824,26.0554897
Salegentibacter mishustinae,,3.86824,3.0297081
Lancefieldella rimae,,3.86824,
Jeotgalicoccus schoeneichii,1.4725256,3.86824,4.2415913
Peptostreptococcus stomatis,,3.86824,6.0594162
Timonella senegalensis,,3.86824,
Collinsella bouchesdurhonensis,,3.86824,
Salinispora arenicola,,3.86824,
Bifidobacterium bifidum,,3.86824,4912.9746644
Veillonella infantium,,3.86824,8.4831827
Veillonella sp. AM51-8BH,,3.86824,7.8772411
Phocaeicola abscessus,,3.86824,
Enterobacter kobei,1.4725256,3.86824,
Alloprevotella sp. OH1205_COT-284,,3.86824,7.2712995
Azospirillum sp. CAG:260,,3.86824,1.2118832
Mobiluncus mulieris,,3.86824,12.1188324
Clostridium sp. CAG:245,,3.86824,
Bacteroidetes bacterium ADurb.BinA104,,3.86824,4.847533
Curtobacterium sp. MCBD17_029,,3.86824,6.0594162
Trifolium pratense,,3.86824,0.6059416
Schaalia sp. ZJ1691,,3.86824,
Saitoella complicata,,2.90118,
Veillonella sp. DNF00869,,2.90118,6.0594162
Massilimicrobiota sp. An142,,2.90118,0.6059416
Photobacterium damselae,,0.96706,193.9013188
Lactiplantibacillus paraplantarum,1369.9396657,2.90118,5.4534746
Dietzia natronolimnaea,,2.90118,
Atopobium sp. HMSC064B08,,2.90118,
Rodentibacter pneumotropicus,1.4725256,2.90118,4.847533
Enterobius vermicularis,,2.90118,339.3273078
Peptostreptococcus sp. D1,,2.90118,0.6059416
Clostridium butyricum,4.4175769,2.90118,15.7544822
Rothia dentocariosa,1.4725256,1.93412,15.7544822
Fusobacterium varium,,2.90118,8.4831827
Clostridium sporogenes,0.9816837,2.90118,7.8772411
Anoxybacillus sp. UARK-01,0.4908419,2.90118,5.4534746
Legionella oakridgensis,,2.90118,2.4237665
Desulfovibrio piger,0.9816837,2.90118,
Fusobacterium hwasookii,,2.90118,16.9663654
Roseburia intestinalis,2.4542094,2.90118,5.4534746
Sutterella sp. CAG:521,,2.90118,5.4534746
Aeriscardovia aeriphila,,2.90118,1.8178249
Anaerotruncus colihominis,1.4725256,2.90118,28.4792562
Salinivibrio sp. IB282,2.4542094,2.90118,1.2118832
Bifidobacterium pseudolongum,0.4908419,2.90118,9.6950659
Candidatus Actinomarina minuta,10.3076793,2.90118,0.6059416
Corynebacterium accolens,,2.90118,
Butyricimonas virosa,1.4725256,2.90118,3.6356497
Bacillus thuringiensis,0.9816837,2.90118,2.4237665
Chromobacterium haemolyticum,1.4725256,2.90118,8.4831827
Lactobacillus selangorensis,,2.90118,
Candidatus Moranbacteria bacterium CG_4_8_14_3_um_filter_34_16,,2.90118,
Ruminiclostridium papyrosolvens,,2.90118,1.2118832
Erysipelothrix rhusiopathiae,0.4908419,1.93412,0.6059416
Haemophilus sp. oral taxon 851,,2.90118,1.2118832
Veillonella sp. 6_1_27,,2.90118,5.4534746
Prevotellamassilia timonensis,,2.90118,0.6059416
Lactococcus lactis,0.9816837,1.93412,
uncultured Verrucomicrobiales bacterium HF0010_05E02,,2.90118,0.6059416
Capnocytophaga sp. oral taxon 863,0.9816837,2.90118,10.9069492
Pseudescherichia vulneris,0.9816837,2.90118,1.2118832
Bifidobacterium thermacidophilum,,2.90118,2594.0360802
Geobacillus thermoleovorans,0.4908419,2.90118,6.6653578
Zymoseptoria tritici,1.4725256,2.90118,30.2970811
Flavobacterium microcysteis,,2.90118,
Limosilactobacillus fermentum,,2.90118,16750.6501754
Adlercreutzia equolifaciens,,2.90118,1.8178249
[Clostridium] cellulosi,,2.90118,7.2712995
Candidatus Zambryskibacteria bacterium CG11_big_fil_rev_8_21_14_0_20_40_24,,2.90118,
Geobacillus sp. BCO2,,2.90118,33.3267892
Lachnoanaerobaculum sp. OBRC5-5,,2.90118,23.0257816
Capnocytophaga sp. oral taxon 878,,2.90118,9.6950659
Morganella morganii,,2.90118,25.4495481
Spinacia oleracea,2.9450512,2.90118,10.3010076
Anaerococcus hydrogenalis,,2.90118,
Lachnoanaerobaculum orale,,2.90118,4.847533
Capnocytophaga sp. oral taxon 324,,1.93412,0.6059416
Aspergillus tanneri,,1.93412,0.6059416
Arachis hypogaea,0.4908419,1.93412,5.4534746
Acinetobacter bereziniae,,1.93412,
Lederbergia galactosidilyticus,,1.93412,3.0297081
Salmonella sp. NCTC 11881,,1.93412,
Roseburia hominis,,1.93412,
Lachnospira multipara,,1.93412,
Neisseria bacilliformis,,1.93412,9.6950659
Saccharata proteae,1.9633675,1.93412,12.1188324
Neohortaea acidophila,0.9816837,1.93412,
Bergeyella cardium,0.9816837,1.93412,
Collinsella sp. AF05-8-2,0.9816837,1.93412,278.1272041
Laribacter hongkongensis,,0.96706,
Prevotella aurantiaca,0.9816837,1.93412,0.6059416
Butyrivibrio fibrisolvens,,1.93412,1.2118832
Clostridium sp. AT4,,1.93412,
Legionella adelaidensis,39.2673498,1.93412,0.6059416
Lachnospiraceae bacterium oral taxon 500,,1.93412,8.4831827
Veillonella sp. oral taxon 158,,1.93412,179.3587199
Enterococcus mundtii,25362.7812279,1.93412,
Citrobacter sp. MGH106,,1.93412,
Streptococcus vestibularis,,1.93412,
Oryzisolibacter propanilivorax,,1.93412,
Actinomyces johnsonii,,1.93412,
Prevotellaceae bacterium,,1.93412,
Cyclobacterium xiamenense,,1.93412,
Prevotella loescheii,0.4908419,1.93412,19.3901319
Vibrio diabolicus,0.9816837,1.93412,
Candidatus Atribacteria bacterium CG_4_10_14_3_um_filter_34_13,,1.93412,
Gluconobacter frateurii,0.9816837,1.93412,5.4534746
Phytobacter diazotrophicus,,0.96706,1.2118832
Neisseria animaloris,,1.93412,2.4237665
Corynebacterium mustelae,,1.93412,
Enterobacteria phage CP-1639,,1.93412,
Desulfonauticus sp. 38_4375,1.9633675,1.93412,1.8178249
Acidiphilium multivorum,1.4725256,1.93412,0.6059416
Curtobacterium sp. UCD-KPL2560,,1.93412,
Streptococcus timonensis,,1.93412,4.2415913
Prevotella sp. HJM029,,1.93412,1.2118832
Prevotella sp. HMSC077E09,,1.93412,0.6059416
[Mannheimia] succiniciproducens,,1.93412,7.2712995
Streptococcus sp. CCUG 71758,,1.93412,
Akkermansia muciniphila,,1.93412,0.6059416
Granulicatella sp. HMSC30F09,,1.93412,1.2118832
Streptococcus sp. 563,,1.93412,
Candidatus Berkiella aquae,6.8717862,1.93412,1.8178249
Staphylococcus lugdunensis,,1.93412,4.2415913
Clostridiales bacterium 1_7_47FAA,,1.93412,
Prevotella sp. CAG:5226,,1.93412,
Nocardia panacis,,1.93412,
Riemerella sp.,,1.93412,8.4831827
Tannerella sp. 6_1_58FAA_CT1,5.3992606,1.93412,9.0891243
Streptococcus sp. I-G2,,1.93412,4.847533
Crenobacter luteus,,1.93412,
Acidimicrobiaceae bacterium,0.9816837,1.93412,16.9663654
Neisseria sp. HMSC055F11,,1.93412,
uncultured Desulfobacterium sp.,1.4725256,1.93412,17.572307
Legionella clemsonensis,1.4725256,1.93412,
Rothia sp. HMSC061D12,,1.93412,1.2118832
Paenibacillus ginsengihumi,,1.93412,
Paenibacillus sp. FSL H8-237,2.9450512,1.93412,12.1188324
Neisseria macacae,,1.93412,
Selenomonas artemidis,,1.93412,
Streptococcus sp. SR4,,1.93412,
Nostoc linckia,2.9450512,1.93412,5.4534746
Amycolatopsis taiwanensis,,1.93412,
Capnocytophaga canimorsus,,1.93412,9.0891243
Phyllobacterium myrsinacearum,,1.93412,
Phialocephala scopiformis,0.9816837,1.93412,15.7544822
methanotrophic bacterial endosymbiont of Bathymodiolus sp.,,1.93412,1.2118832
Cohnella kolymensis,,1.93412,
Veillonella montpellierensis,,1.93412,4.2415913
Veillonella sp. oral taxon 780,,1.93412,0.6059416
Tatlockia micdadei,,1.93412,
Flavobacterium psychrophilum,,1.93412,
Olsenella sp. DNF00959,,1.93412,
Pseudomonas amygdali,0.9816837,1.93412,3.6356497
Candidatus Gracilibacteria bacterium,1.9633675,1.93412,9.0891243
Elsinoe australis,0.9816837,1.93412,1.2118832
Lactobacillus aviarius,4.4175769,1.93412,
Enterobacter sp. BIDMC100,,1.93412,1.2118832
Neisseria sp. RH3002v2f,,1.93412,
Bacteroides propionicifaciens,7.3626281,1.93412,682.2902654
Morococcus cerebrosus,0.9816837,1.93412,1.2118832
Rothia sp. HMSC068F09,,1.93412,0.6059416
Gallibacterium anatis,0.9816837,1.93412,6.0594162
Phytobacter ursingii,,1.93412,
Variovorax paradoxus,,1.93412,
Listeria fleischmannii,,1.93412,
Bacteroidales bacterium KA00344,,1.93412,1.8178249
Streptococcus sp. 1001283B150225_161107_H12,,1.93412,3.6356497
uncultured bacterium 5G4,,1.93412,5.4534746
Shewanella algae,,1.93412,
Lachnospiraceae bacterium A4,0.9816837,1.93412,64.2298118
Actinomyces sp. ICM39,,1.93412,1.8178249
Neisseria sp. HMSC064F04,,1.93412,2.4237665
Bifidobacterium myosotis,,1.93412,
Clostridium sp. AM25-23AC,,1.93412,1.2118832
Actinomyces sp. HMSC065F12,,1.93412,
Neisseria sp. HMSC078H04,,1.93412,0.6059416
Bacteroides sp. CAG:98,,1.93412,10.9069492
Mogibacterium timidum,,1.93412,
Streptococcus himalayensis,,1.93412,
Capnocytophaga sp. oral taxon 329,,1.93412,7.8772411
Photobacterium aquimaris,0.9816837,1.93412,
Rothia sp. HMSC065C03,,1.93412,
Citrobacter amalonaticus,,1.93412,
Haemophilus aegyptius,,0.96706,
Edwardsiella tarda,,1.93412,
Streptomyces sp. CBMA152,,1.93412,
Capsulimonas corticalis,,1.93412,0.6059416
Pseudomonas prosekii,1.9633675,1.93412,
Porphyromonas sp. COT-239 OH1446,,1.93412,12.1188324
Neisseria sp. HMSC075C10,,1.93412,2.4237665
Streptococcus sp. 1449,,1.93412,
Enterococcus cecorum,,1.93412,
Komagataeibacter nataicola,,1.93412,1.2118832
Prevotella sp. CAG:617,,1.93412,
Lachnoclostridium phytofermentans,,1.93412,15.1485405
uncultured prokaryote,0.4908419,1.93412,284.1866203
Arsenophonus nasoniae,,1.93412,
Streptomyces mutabilis,,1.93412,1.2118832
Tepidimonas charontis,,1.93412,
Chryseobacterium molle,,1.93412,
Candidatus Woesebacteria bacterium RBG_16_36_11,,1.93412,
Streptococcus sp. HMSC034B04,,1.93412,
Streptomyces sp. SPB074,0.9816837,1.93412,1.8178249
Lachnospiraceae bacterium oral taxon 082,,1.93412,3.6356497
Bifidobacterium sp. MSTE12,,1.93412,
Bacillus alkalitelluris,,1.93412,
Coptotermes formosanus,,1.93412,
Streptococcus peroris,,0.96706,1.2118832
Vibrio alginolyticus,0.4908419,1.93412,91.4971848
Comamonas sp. JUb58,,1.93412,
Neisseria sp. AP678,,1.93412,
Kingella kingae,,1.93412,3.0297081
Prevotella sp. lc2012,,1.93412,9.6950659
Yokenella regensburgei,2.9450512,1.93412,
Olsenella uli,,1.93412,
uncultured Dysgonomonas sp.,,1.93412,4.2415913
Acidocella aminolytica,,1.93412,
Enhydrobacter aerosaccus,,1.93412,
Legionella feeleii,0.4908419,1.93412,
Pseudomonas coronafaciens,,1.93412,
Thalassotalea agarivorans,,1.93412,
Caviibacter abscessus,,1.93412,2.4237665
Neisseria sp. HMSC073G10,0.4908419,1.93412,5.4534746
Actinomyces sp. dk561,,1.93412,
Oleibacter marinus,,1.93412,0.6059416
Haemophilus sp. HMSC71H05,,1.93412,9.6950659
Penicillium nalgiovense,,1.93412,
Streptomyces cinnamoneus,,1.93412,6.6653578
Paenibacillus phocaensis,,1.93412,
Streptococcus sp. HMSC072D03,,1.93412,
Butyrivibrio crossotus,,1.93412,
Actinoplanes lobatus,,1.93412,
Marinicella pacifica,,1.93412,
[Clostridium] spiroforme,,1.93412,1.2118832
Streptococcus sp. ACS2,,1.93412,
Oribacterium sp. FC2011,,1.93412,
Porphyromonas endodontalis,3.926735,1.93412,66.6535783
Gemella palaticanis,,1.93412,1.2118832
Chromobacterium sp. ASV5,0.4908419,1.93412,2.4237665
Selenomonas sp. oral taxon 137,,1.93412,
Kluyvera ascorbata,,1.93412,
Mogibacterium pumilum,,0.96706,16.3604238
Prevotella buccalis,,1.93412,1.2118832
Actinomadura bangladeshensis,,1.93412,
Clostridium sp. chh4-2,,1.93412,
Streptococcus sp. HMSC078H12,,1.93412,
Neisseria sp. HMSC078C12,,1.93412,7.2712995
Olsenella profusa,,1.93412,
Daphnia magna,0.9816837,1.93412,16.9663654
Caldimonas manganoxidans,,1.93412,
bacterium 0.1xD8-82,,1.93412,
Prevotella sp. PCJ2,,1.93412,
Winkia neuii,,1.93412,
Propionibacterium sp. KPL2005,,1.93412,
Streptococcus sp. 544,,1.93412,
Actinobaculum suis,,1.93412,
Bifidobacterium pseudocatenulatum,1.4725256,1.93412,13.3307157
Bacillus sp. FJAT-14578,,1.93412,
Brucella suis,0.9816837,1.93412,7.8772411
Streptococcus sp. 1453,,1.93412,
Neisseria sp. HMSC072C05,,1.93412,3.0297081
Prevotella sp. CAG:732,,1.93412,0.6059416
Volucribacter psittacicida,,0.96706,
Stenotrophomonas sp. Y,,0.96706,1.8178249
Oligella urethralis,0.4908419,0.96706,16.9663654
Rothia sp. HMSC062F03,,0.96706,
Paenibacillus macerans,,0.96706,27.8733146
Tannerella sp. oral taxon 808,0.4908419,0.96706,6.0594162
Streptococcus salivarius CAG:79,,0.96706,
Lupinus angustifolius,,0.96706,0.6059416
Herbaspirillum seropedicae,,0.96706,
Enterobacter roggenkampii,,0.96706,
Prevotella sp. MGM2,,0.96706,2.4237665
Mitovirus sp.,,0.96706,
Streptococcus phage PH15,,0.96706,
Lactobacillus ingluviei,,0.96706,0.6059416
Salinivibrio kushneri,0.9816837,0.96706,
Kocuria soli,,0.96706,
Capsicum annuum,,0.96706,
Clostridium magnum,1.4725256,0.96706,0.6059416
Spiroplasma kunkelii,,0.96706,
Bacteroides sp. An322,,0.96706,
Lactobacillus animalis,,0.96706,
Dietzia maris,,0.96706,
Neisseria sp. KH1003-02,,0.96706,16.3604238
Firmicutes bacterium AF12-30,0.9816837,0.96706,
Enterococcus sp. 4E1_DIV0656,,0.96706,
Streptomyces lincolnensis,,0.96706,26.0554897
Rothia sp. HMSC062H08,,0.96706,0.6059416
Neisseria sp. HMSC069H12,0.4908419,0.96706,4.2415913
Alkalihalobacillus pseudofirmus,,0.96706,2.4237665
Enterobacter sp. FY-07,,0.96706,
Bacillus sp. OxB-1,,0.96706,
Listeria newyorkensis,,0.96706,
Staphylococcus sp. DORA_6_22,,0.96706,3.6356497
Eubacterium oxidoreducens,,0.96706,
Veillonella sp. VA137,,0.96706,0.6059416
Aeromonas crassostreae,,0.96706,
Eubacterium sp. AF18-3,,0.96706,
Candidatus Alloclostridium intestinigallinarum,,0.96706,
Herbaspirillum sp. GW103,,0.96706,
Provencibacterium massiliense,,0.96706,
Streptococcus sp. M334,,0.96706,
Rothia sp. HMSC072B04,,0.96706,2.4237665
Dyella sp. ASV21,,0.96706,
Veillonella sp. 3913,,0.96706,0.6059416
Candidatus Nitrosoglobus terrae,,0.96706,0.6059416
Pusillimonas sp. T2,,0.96706,
Phaeodactylum tricornutum,0.9816837,0.96706,3.0297081
Burkholderia anthina,,0.96706,1.2118832
Actinomyces sp. ph3,,0.96706,1.2118832
Veillonella seminalis,,0.96706,1.8178249
Staphylococcus cohnii,,0.96706,
Chlorobaculum tepidum,,0.96706,
Prevotella sp. HMSC073D09,,0.96706,12.724774
Pseudobutyrivibrio ruminis,2.9450512,0.96706,
Anaeroglobus geminatus,,0.96706,
Faecalibacillus faecis,0.4908419,0.96706,
Kurthia zopfii,,0.96706,9.0891243
Tessaracoccus sp. OH4464_COT-324,,0.96706,
Bacteroides sp. CAG:530,,0.96706,1.2118832
Brevibacterium virus LuckyBarnes,,0.96706,
Anaerosporomusa subterranea,,0.96706,4.2415913
Campylobacter sp. AAUH-44UCsig-a,,0.96706,
Neisseria sp. HMSC072B12,,0.96706,0.6059416
Clostridium sp. CAG:632,,0.96706,
bacterium 1xD42-87,,0.96706,1.2118832
Capnocytophaga sp. oral taxon 338,,0.96706,6.0594162
uncultured Spirochaetales bacterium HF0500_06B09,3.926735,0.96706,22.41984
Prevotella sp. KH2C16,,0.96706,0.6059416
Lujinxingia litoralis,,0.96706,
Pangolin coronavirus,,0.96706,
Erysipelotrichaceae bacterium 21_3,,0.96706,
Pseudomonas putida,,0.96706,
Streptococcus sp. UMB1385,,0.96706,7.8772411
Streptomyces sp. FBKL.4005,,0.96706,0.6059416
Nocardiopsis litoralis,0.4908419,0.96706,6.0594162
Blautia faecis,,0.96706,
Neisseria sp. HMSC064D07,,0.96706,3.6356497
Prevotella bergensis,,0.96706,3.6356497
Veillonella denticariosi,,0.96706,2.4237665
Candidatus Accumulibacter aalborgensis,,0.96706,
Bacillus solisilvae,,0.96706,
Musa balbisiana,,0.96706,
Candidatus Giovannonibacteria bacterium RIFCSPHIGHO2_12_FULL_44_22,,0.96706,
Streptococcus sp. S784/96/1,,0.96706,1.2118832
Nocardia asteroides,,0.96706,106.0397837
Enterobacter ludwigii,0.4908419,0.96706,
uncultured bacterium FPPP_33K14,,0.96706,1553.028375
[Clostridium] leptum,1.9633675,0.96706,233.2875241
Sutterella wadsworthensis CAG:135,,0.96706,15.7544822
uncultured Dialister sp.,0.4908419,0.96706,5.4534746
Bacteroides sp. OM05-12,,0.96706,
Schumannella sp. 10F1B-5-1,,0.96706,
Paenibacillus sp. VT-16-81,,0.96706,1.8178249
Olsenella sp. DSM 107455,,0.96706,
Olsenella sp. An188,,0.96706,
Rodentibacter trehalosifermentans,0.9816837,0.96706,0.6059416
Frigoribacterium sp. PhB107,,0.96706,
Parolsenella massiliensis,,0.96706,
Olsenella sp. AM39-30AC,,0.96706,
Bacteroides eggerthii,2.4542094,0.96706,56.3525708
Pseudovibrio sp. JE062,,0.96706,1.2118832
Streptococcus sp. HMSC34B10,,0.96706,
Acidaminococcus sp. AM33-14BH,,0.96706,
Mycoplasma cynos,,0.96706,
Leclercia sp. J807,,0.96706,
Sporosarcina sp. ANT_H38,,0.96706,
Rhizopus delemar,,0.96706,1.8178249
Neisseria sp. HMSC072F04,,0.96706,
Methylocystaceae bacterium,,0.96706,
Enterococcus canintestini,,0.96706,
Streptomyces sviceus,0.4908419,0.96706,6.0594162
Chitinivorax tropicus,,0.96706,
Actinoplanes campanulatus,0.9816837,0.96706,15.1485405
Desulfovibrio indonesiensis,,0.96706,
Selenomonas sp. FOBRC6,,0.96706,
Streptococcus sp. DORA_10,,0.96706,0.6059416
Carpinus fangiana,1.4725256,0.96706,
Raoultella terrigena,,0.96706,
Lactobacillus paragasseri,,0.96706,0.6059416
Paenibacillus sp. HJL G12,,0.96706,
Microscilla marina,,0.96706,
Pseudogymnoascus sp. VKM F-4246,,0.96706,
Candidatus Saccharibacteria bacterium oral taxon 955,,0.96706,
Bacillus phage vB_BceM_WH1,,0.96706,
Gallibacterium genomosp. 3,,0.96706,
Streptococcus sp. HSISS2,0.4908419,0.96706,
Prevotella colorans,,0.96706,0.6059416
Prevotella ihumii,,0.96706,2.4237665
Megasphaera genomosp. type_1,,0.96706,
Marinobacter sp. T13-3,0.4908419,0.96706,
Selenomonas sp. oral taxon 892,0.9816837,0.96706,
Vibrio palustris,,0.96706,1.2118832
Corynebacterium sp. HMSC072B09,,0.96706,0.6059416
Phascolarctobacterium sp. CAG:266,,0.96706,
bacterium J10(2018),,0.96706,
Moraxellaceae bacterium 17A,,0.96706,
Chlamydia pneumoniae,0.4908419,0.96706,0.6059416
Hyphomicrobiaceae bacterium,,0.96706,
Rothia sp. HMSC064D08,,0.96706,
Lactobacillus phage SAC12B,,0.96706,
Microbispora bryophytorum,0.9816837,0.96706,1.8178249
uncultured bacterium FPPZ_5C6,,0.96706,
Eikenella exigua,,0.96706,
Porphyromonas gingivicanis,,0.96706,1.2118832
Erysipelotrichaceae bacterium CAG:64,2.4542094,0.96706,6.6653578
Parcubacteria bacterium C7867-001,13.7435724,0.96706,14.5425989
Anaerobranca gottschalkii,,0.96706,
Oribacterium sp. oral taxon 102,,0.96706,
Streptomyces sp. AA4,,0.96706,
Legionella cherrii,0.4908419,0.96706,1.2118832
Leptospira inadai,,0.96706,
Azospirillum brasilense,5.3992606,0.96706,1.8178249
Colwellia sp. TT2012,,0.96706,
Parabacteroides sp. An277,,0.96706,
Olsenella urininfantis,,0.96706,
Gossypium raimondii,,0.96706,
candidate division SR1 bacterium,2.9450512,0.96706,3.0297081
Prevotella sp. HUN102,,0.96706,2.4237665
Photobacterium gaetbulicola,13.7435724,0.96706,
Streptococcus rubneri,0.9816837,0.96706,164.816121
Neisseria sp. RH3002v2g,,0.96706,3.6356497
Porphyromonas sp. COT-108 OH1349,,0.96706,
Paenibacillus agaridevorans,,0.96706,
Streptomyces scabiei,,0.96706,1.2118832
Veillonella sp. DORA_B_18_19_23,,0.96706,15.7544822
Pasteurella canis,,0.96706,6.0594162
Fusobacterium canifelinum,,0.96706,
Parasutterella excrementihominis,6.3809443,0.96706,7.8772411
Amycolatopsis acidiphila,,0.96706,3.6356497
Dysosmobacter sp. BX15,,0.96706,
Lachnospiraceae bacterium 10-1,,0.96706,
Ananas comosus,,0.96706,13.3307157
Xenorhabdus kozodoii,3.4358931,0.96706,
Streptococcus sp. C300,,0.96706,1.2118832
Streptococcus sp. HMSC061E03,,0.96706,
Nocardioides sp. GY 10113,,0.96706,
Serratia quinivorans,0.4908419,0.96706,
Vibrio phage 1.026.O._10N.222.49.C7,,0.96706,
Pseudogymnoascus sp. VKM F-4520 (FW-2644),,0.96706,
Actinomyces sp. HMSC062G12,,0.96706,
Granulicatella balaenopterae,,0.96706,
Sporomusa silvacetica,,0.96706,
Flavobacterium sp. MK012,0.4908419,0.96706,139.9725145
Enhydrobacter sp. 8BJ,0.9816837,0.96706,
Streptococcus sp. oral taxon 058,,0.96706,1.2118832
Bacilli bacterium VT-13-104,,0.96706,
Abiotrophia sp. HMSC24B09,,0.96706,
Dolosigranulum pigrum,,0.96706,
Plantibacter sp. T3,,0.96706,5.4534746
Streptococcus sp. HMSC067H01,,0.96706,1.2118832
Mycolicibacterium thermoresistibile,,0.96706,
Aureobasidium melanogenum,,0.96706,
Streptococcus sp. HMSC078H03,,0.96706,
Prevotella sp. CAG:255,,0.96706,
Streptococcus sp. HMSC10E12,,0.96706,
Anaerococcus tetradius,,0.96706,3.0297081
Prevotella paludivivens,0.4908419,0.96706,1.8178249
Haemophilus sp. CCUG 60358,,0.96706,1.8178249
Desulfovibrio sp. 6_1_46AFAA,,0.96706,2.4237665
Pseudomonas syringae,1.4725256,0.96706,3.6356497
Neisseria sp. HMSC065D04,,0.96706,1.2118832
uncultured bacterium 413004-H17,,0.96706,1.2118832
Enterococcus dispar,,0.96706,
Campylobacter showae,2.9450512,,136.9428064
uncultured delta proteobacterium HF0130_19C20,,,6108.4974829
Fusicatenibacter sp. 2789STDY5834925,,,5686.156173
Flavobacterium nitrogenifigens,,,4852.9864439
Lachnoanaerobaculum umeaense,1.9633675,,9.6950659
[Clostridium] innocuum,1.4725256,,3603.534821
Capnocytophaga sp. FDAARGOS_737,,,5.4534746
Porphyromonas asaccharolytica,0.9816837,,1.2118832
Paenibacillus sp. P1XP2,,,1671.1869912
Candidatus Phytoplasma australiense,,,1152.5009634
Bacillus sp. FJAT-26390,1.9633675,,568.9791823
Clostridium tetani,,,5.4534746
Mesoplasma florum,,,521.1097942
Treponema sp. OMZ 838,3.4358931,,11.5128908
Filifactor alocis,,,6.0594162
Paludibacter propionicigenes,,,0.6059416
Treponema denticola,1.9633675,,9.6950659
Treponema sp. OMZ 804,4.4175769,,9.0891243
Streptococcus koreensis,,,2.4237665
candidate division CPR2 bacterium GWD2_39_7,0.9816837,,150.273522
Parvimonas micra,,,20.6020151
Pseudoramibacter alactolyticus,,,146.0319307
Veillonella sp. S13053-19,,,115.7348496
Pantoea sp. MSR2,,,94.5268929
Petrimonas sp. IBARAKI,0.4908419,,89.0734183
Treponema sp. Marseille-Q4132,,,2.4237665
Candidatus Aminicenantes bacterium ADurb.Bin508,,,66.6535783
Bacillus sporothermodurans,,,58.7763373
Treponema pedis,0.4908419,,3.0297081
Candidatus Ornithobacterium hominis,,,54.5347459
Lacticaseibacillus paracasei,0.9816837,,53.3228627
Candidatus Synechococcus spongiarum,,,51.5050378
Streptococcus viridans,,,1.2118832
Ophiocordyceps unilateralis,,,43.6277967
uncultured delta proteobacterium HF0200_19J16,0.4908419,,43.0218551
Riemerella anatipestifer,2.4542094,,23.0257816
Muribaculaceae bacterium Isolate-110 (HZI),,,39.992147
Actinobacillus suis,,,39.3862054
Clostridium sp. OF13-4,0.4908419,,38.7802638
Bacteroides cellulosilyticus,,,1.8178249
Streptococcus sp. I-P16,,,9.6950659
Clostridium perfringens,0.9816837,,36.3564973
Capnocytophaga sp.,,,34.5386724
Intestinibacter bartlettii,,,33.9327308
Lachnoanaerobaculum sp. ICM7,0.9816837,,30.2970811
Haemophilus sputorum,,,30.2970811
Streptococcus dysgalactiae,,,7.2712995
Actinomyces naeslundii,2.9450512,,1.8178249
Paraprevotella xylaniphila,,,1.2118832
Phocaeicola dorei,,,1.2118832
Kocuria dechangensis,,,22.41984
Pauljensenia hongkongensis,,,1.2118832
Blastomyces dermatitidis,1.4725256,,20.6020151
Candidatus Moranbacteria bacterium CG08_land_8_20_14_0_20_34_16,,,19.9960735
Actinomyces urogenitalis,,,17.572307
Bacteroides sp. 3_1_23,5.8901025,,16.9663654
Capnocytophaga sp. oral taxon 864,,,0.6059416
Prevotella sp. oral taxon 472,0.4908419,,16.3604238
Mannheimia varigena,0.4908419,,3.0297081
Neisseria sp. HMSC075C12,,,15.7544822
Burkholderia cenocepacia,0.4908419,,15.7544822
Candidatus Fluviicola riflensis,,,0.6059416
Treponema phagedenis,,,1.2118832
Bacteroides heparinolyticus,,,1.2118832
Marvinbryantia formatexigens,,,15.1485405
Parabacteroides sp. AF27-14,0.4908419,,14.5425989
Persephonella marina,100.6225838,,14.5425989
Treponema vincentii,3.4358931,,14.5425989
uncultured Avibacterium sp.,,,14.5425989
Companilactobacillus farciminis,,,13.9366573
Clostridium argentinense,,,13.9366573
Neisseria perflava,,,13.3307157
Capnocytophaga granulosa,,,13.3307157
Candidatus Nanosyncoccus nanoralicus,,,12.724774
Corynebacterium matruchotii,,,3.6356497
Candidatus Hamiltonella defensa,,,12.1188324
Capnocytophaga sp. oral taxon 323,,,0.6059416
Fusobacterium sp. oral taxon 370,2.9450512,,12.1188324
Streptomyces coelicoflavus,,,11.5128908
Aminipila sp. CBA3637,,,2.4237665
Leptotrichia trevisanii,,,11.5128908
Paraclostridium bifermentans,,,11.5128908
Phocaeicola salanitronis,,,1.2118832
Paenibacillus thermoaerophilus,,,11.5128908
Selenomonas sp. Marseille-Q3039,,,0.6059416
[Eubacterium] yurii,,,10.9069492
Streptococcus gwangjuense,,,0.6059416
Aminipila butyrica,,,9.6950659
Streptococcus sp. NPS 308,,,1.2118832
bacterium (Candidatus Howlettbacteria) CG_4_9_14_3_um_filter_37_10,,,10.9069492
TM7 phylum sp. oral taxon 952,,,0.6059416
Rickettsia prowazekii,,,10.3010076
Capnocytophaga sp. oral taxon 332,,,10.3010076
Acetobacter pomorum,,,10.3010076
Neisseria sp. HMSC056A03,,,10.3010076
Neisseria sp. HMSC068C04,,,10.3010076
Treponema sp.,,,10.3010076
Burkholderia pseudomallei,5.8901025,,9.6950659
Johnsonella ignava,,,9.6950659
candidate division WWE3 bacterium CSP1-7,,,9.6950659
Arenibacter certesii,,,9.6950659
Capnocytophaga sp. CM59,,,9.6950659
Neisseria sp. KH1003-01,,,9.6950659
Capsicum chinense,0.4908419,,9.0891243
Sporolactobacillus inulinus,,,9.0891243
Caligus rogercresseyi,1.9633675,,9.0891243
Capnocytophaga sp. oral taxon 326,,,8.4831827
uncultured delta proteobacterium HF0200_39N20,1.9633675,,8.4831827
Prevotella sp. CAG:1320,,,8.4831827
Capnocytophaga sp. p1a2,,,8.4831827
Prevotella conceptionensis,,,8.4831827
Paenibacillus radicis,0.4908419,,8.4831827
[Eubacterium] infirmum,,,8.4831827
Arcanobacterium haemolyticum,,,8.4831827
Treponema medium,2.4542094,,7.8772411
Helicobacter felis,1.4725256,,7.8772411
Candidatus Gracilibacteria bacterium CG_4_10_14_0_8_um_filter_38_28,2.4542094,,7.8772411
Capnocytophaga sp. 051621,,,7.8772411
Blautia producta,,,1.2118832
Candidatus [Bacteroides] periocalifornicus,,,7.2712995
Kingella oralis,,,7.2712995
Coccidioides immitis,,,7.2712995
Lawsonia intracellularis,0.4908419,,7.2712995
Propionibacterium sp. JV5,,,7.2712995
Streptococcus sp. AM43-2AT,,,7.2712995
Neisseria sp. oral taxon 014,,,3.0297081
Bacteroidales bacterium Barb4,,,7.2712995
Capnocytophaga haemolytica,,,2.4237665
uncultured Blautia sp.,,,7.2712995
Enhygromyxa salina,,,7.2712995
Bacteroides sp. 4_1_36,,,6.6653578
Streptomyces sp. Mg1,0.9816837,,6.6653578
Glonium stellatum,1.4725256,,6.6653578
[Eubacterium] saphenum,,,6.6653578
Neisseria sp. HMSC066H01,,,6.6653578
Prevotella rara,,,0.6059416
Chlamydia abortus,0.9816837,,6.6653578
Modestobacter marinus,0.9816837,,6.6653578
Candidatus Kerfeldbacteria bacterium RIFCSPHIGHO2_12_FULL_42_13,0.4908419,,6.6653578
Streptomyces albidoflavus,,,6.6653578
Carboxydocella sp. JDF658,,,6.6653578
Anaerostipes hadrus,,,1.8178249
[Haemophilus] ducreyi,0.4908419,,4.2415913
Streptomyces phage TieDye,,,6.0594162
Ruminococcus sp. TF10-6,0.9816837,,6.0594162
Citricoccus sp. K5,,,6.0594162
SR1 bacterium human oral taxon HOT-345,1.4725256,,6.0594162
Neisseria sp. HMSC061H08,0.4908419,,6.0594162
Fusobacterium massiliense,,,6.0594162
Helicobacter pullorum,,,6.0594162
Talaromyces marneffei,,,6.0594162
Capnocytophaga cynodegmi,,,5.4534746
Ligilactobacillus salivarius,,,5.4534746
Anaerobacillus alkalidiazotrophicus,0.9816837,,5.4534746
Pseudomonas sp. JV241A,,,5.4534746
Ixodes scapularis,93.7507976,,5.4534746
Streptococcus constellatus,,,1.8178249
Pseudoleptotrichia goodfellowii,,,5.4534746
Aggregatibacter sp. oral taxon 458,1.4725256,,5.4534746
Kingella denitrificans,,,2.4237665
Syntrophaceticus schinkii,,,5.4534746
Tenacibaculum sp. KUL113,,,5.4534746
Frigoribacterium sp. Leaf164,,,4.847533
Candidatus Phytoplasma solani,,,4.847533
Drechslerella brochopaga,,,4.847533
Neisseria sp.,0.4908419,,4.847533
Actinomyces viscosus,,,1.2118832
Treponema putidum,,,1.2118832
Campylobacter rectus,1.9633675,,4.847533
Sporosarcina luteola,,,4.847533
Acidisphaera rubrifaciens,,,4.847533
Vogesella sp. LIG4,,,4.847533
Clostridium sp. M62/1,,,4.847533
uncultured bacterium CSL142,,,4.847533
Bacteroidetes bacterium,0.4908419,,4.847533
Neisseria shayeganii,,,0.6059416
Mycoplasma fermentans,,,4.847533
Rothia sp. HMSC069C03,,,4.847533
Syntrophomonas zehnderi,32.3955636,,4.2415913
Siphovirus contig89,,,4.2415913
Sphaerosporella brunnea,,,4.2415913
Snodgrassella alvi,,,4.2415913
uncultured Pleomorphomonas sp.,,,4.2415913
Glomus cerebriforme,3.926735,,4.2415913
Chlamydia psittaci,,,4.2415913
Campylobacter sp. Marseille-Q3452,,,4.2415913
Leptotrichia buccalis,,,1.2118832
Capnocytophaga sp. oral taxon 380,,,4.2415913
Cenococcum geophilum,1.9633675,,4.2415913
Sphingomonas sp. AX6,,,4.2415913
Pectobacterium odoriferum,0.4908419,,4.2415913
Actinobacillus equuli,0.4908419,,3.0297081
Erysipelotrichaceae bacterium 2_2_44A,0.4908419,,4.2415913
Streptococcus sp. AM28-20,,,4.2415913
Enterococcus avium,,,4.2415913
Mannheimia granulomatis,,,1.2118832
Buchananella hordeovulneris,,,4.2415913
Flavobacteriales bacterium,,,4.2415913
Mycoavidus cysteinexigens,2.4542094,,3.6356497
Lactobacillus rodentium,,,3.6356497
Brucella abortus,,,3.6356497
Microcystis aeruginosa,,,3.6356497
Clostridia bacterium,,,3.6356497
Lachnellula subtilissima,,,3.6356497
Chloroflexi bacterium,,,3.6356497
Ileibacterium valens,,,3.6356497
Clostridiales bacterium,,,0.6059416
Clostridium sp. CAG:508,,,3.6356497
Parabacteroides goldsteinii,,,3.6356497
Pyrenochaeta sp. DS3sAY3a,,,3.6356497
Prevotella sp. PINT,,,3.6356497
Mannheimia sp. USDA-ARS-USMARC-1261,0.4908419,,3.6356497
Bacillus sp. YR335,,,3.6356497
Neisseria weaveri,,,2.4237665
Flavobacterium branchiophilum,,,3.6356497
Letharia columbiana,,,3.6356497
Streptomyces phaeoluteigriseus,0.4908419,,3.6356497
Methylococcus capsulatus,0.9816837,,3.6356497
Lawsonella clevelandensis,,,1.2118832
Candidatus Sungbacteria bacterium RIFCSPLOWO2_01_FULL_59_16,,,3.6356497
Histophilus somni,0.4908419,,1.2118832
Ralstonia solanacearum,0.4908419,,1.2118832
Helicobacter pylori,,,1.2118832
Brucella sp. 83/13,,,3.0297081
Campylobacter curvus,,,3.0297081
Bacillus amyloliquefaciens,0.4908419,,3.0297081
Fusobacterium sp. HMSC064B11,,,3.0297081
Streptococcus xiaochunlingii,,,3.0297081
Veillonella sp. VA139,,,3.0297081
Prevotella pectinovora,,,3.0297081
Leptospira borgpetersenii,,,3.0297081
Corynebacterium sp. HMSC064E10,,,3.0297081
Sulfuriferula sp. AH1,,,3.0297081
Capnocytophaga sp. oral taxon 903,,,3.0297081
Streptococcus sp. 1171_SSPC,,,3.0297081
Candidatus Neoclostridium roslinense,,,3.0297081
Anabaena sp. WA113,,,3.0297081
Streptococcus sp. BIOML-A1,,,3.0297081
Streptococcus mutans,,,3.0297081
Aspergillus eucalypticola,,,3.0297081
uncultured bacterium 4050020-J15,,,3.0297081
Cupriavidus oxalaticus,0.4908419,,3.0297081
uncultured rumen bacterium,,,3.0297081
Prevotella marshii,,,3.0297081
Capsicum baccatum,1.4725256,,3.0297081
Neisseria sp. HMSC068C12,,,3.0297081
uncultured alpha proteobacterium HF0010_30A23,,,3.0297081
Neisseria sp. HMSC064F03,,,3.0297081
Ruminococcus flavefaciens,,,3.0297081
Priestia megaterium,,,1.2118832
Lachnospiraceae bacterium 5_1_63FAA,,,3.0297081
Streptococcus sp. HMSC034E03,,,3.0297081
Actinobacteria bacterium 66_15,,,3.0297081
Lactobacillus sp. UMNPBX3,,,2.4237665
Neisseria sp. HMSC070A01,,,2.4237665
Actinomyces sp. oral taxon 414,,,1.2118832
'Primula acaulis' yellows phytoplasma,,,2.4237665
Anaerotignum faecicola,,,2.4237665
Gemella bergeri,,,2.4237665
Clostridium transplantifaecale,,,2.4237665
Zea mays,,,2.4237665
Dialister sp. CAG:486,,,2.4237665
Aureobasidium pullulans,,,2.4237665
Treponema sp. Marseille-Q4130,,,2.4237665
beta proteobacterium KB13,,,2.4237665
Streptococcus sobrinus,,,2.4237665
Pseudoclavibacter sp. 8L,,,2.4237665
Azospirillum baldaniorum,,,2.4237665
Polychaeton citri,,,2.4237665
Acephala macrosclerotiorum,,,2.4237665
Haemophilus sp. HMSC61B11,,,2.4237665
Lysinibacillus sp. SGAir0095,,,2.4237665
Aspergillus steynii,0.9816837,,2.4237665
Hungatella xylanolytica,,,2.4237665
Crenothrix polyspora,,,2.4237665
Talaromyces stipitatus,,,2.4237665
Erysipelatoclostridium ramosum,,,2.4237665
Peptoclostridium litorale,,,2.4237665
Faecalitalea cylindroides,,,2.4237665
Oenococcus oeni,0.9816837,,2.4237665
Rothia sp. HMSC066G07,,,2.4237665
Exiguobacterium sp. Leaf196,0.4908419,,2.4237665
Elsinoe fawcettii,,,2.4237665
Clostridium chromiireducens,,,2.4237665
Trichococcus collinsii,,,2.4237665
Sulfurovum sp. enrichment culture clone C5,,,2.4237665
Prevotella marseillensis,,,2.4237665
Propionibacterium australiense,,,2.4237665
Neisseria sp. HMSC15G01,,,2.4237665
uncultured bacterium HF0130_06E03,0.4908419,,2.4237665
TM7 phylum sp. oral taxon 353,,,2.4237665
Candidatus Liberibacter asiaticus,,,2.4237665
Rodentibacter ratti,,,2.4237665
uncultured delta proteobacterium HF4000_08N17,,,2.4237665
Phtheirospermum japonicum,,,2.4237665
Fusobacterium russii,1.9633675,,2.4237665
Cylicostephanus goldi,,,2.4237665
Nocardia mexicana,,,2.4237665
Listeria booriae,,,2.4237665
Veillonella sp. VA142,,,2.4237665
Pasteurella bettyae,,,2.4237665
Citrobacter sp. L55,0.9816837,,2.4237665
Leptotrichia sp. OH3620_COT-345,,,2.4237665
Candidatus Kaiserbacteria bacterium GW2011_GWA1_50_28,,,2.4237665
Candidatus Acetothermia bacterium,,,2.4237665
Streptococcus sp. CCUG 49591,,,2.4237665
Staphylococcus sp. SKL71187,2.9450512,,2.4237665
Delitschia confertaspora,,,2.4237665
Candidatus Yanofskybacteria bacterium RIFCSPHIGHO2_01_FULL_44_110b,,,2.4237665
Haemophilus sp. HMSC068C11,,,2.4237665
Campylobacter sp.,,,2.4237665
Pasteurellaceae bacterium NI1060,,,2.4237665
Streptococcus merionis,,,2.4237665
Castanea mollissima,1.9633675,,2.4237665
Candidatus Walczuchella monophlebidarum,,,2.4237665
Aspergillus ochraceoroseus,0.9816837,,1.8178249
Solanum lycopersicum,,,1.8178249
Arcanobacterium phocae,,,1.8178249
Conchiformibius steedae,,,1.8178249
Streptococcus sp. 714,,,1.8178249
Brevibacterium casei,,,1.2118832
Enterococcus sp. 2F9_DIV0599,,,1.8178249
[Clostridium] hylemonae,,,1.2118832
Prevotella oralis,,,1.8178249
Peptococcaceae bacterium CEB3,,,1.8178249
Nitrospirae bacterium RIFOXYB2_FULL_43_5,3.926735,,1.8178249
uncultured Desulfobacterales bacterium HF0200_07G10,4.9084187,,1.8178249
Actinomyces sp. Marseille-P3109,,,1.8178249
Capnocytophaga canis,,,1.8178249
Neisseria sp. HMSC065C04,,,1.8178249
Sulfurospirillum multivorans,,,1.8178249
Elusimicrobia bacterium CG02_land_8_20_14_3_00_37_13,0.4908419,,1.8178249
Bacteroides clarus,,,1.8178249
Neisseria sp. oral taxon 020,,,1.8178249
Helicobacter canadensis,,,1.8178249
uncultured Caudovirales phage,,,1.8178249
Spirochaetes bacterium,,,1.8178249
bacterium D16-51,,,1.8178249
Bacteroidia bacterium,0.4908419,,1.8178249
Pedobacter sp. ASV17,,,1.8178249
Sporotomaculum syntrophicum,,,1.8178249
Rothia sp. HMSC061E04,,,1.8178249
Lactobacillus sp. YZ01,,,1.8178249
Bacteroidales bacterium KA00251,,,1.8178249
Saccharibacillus kuerlensis,,,1.8178249
uncultured Acidobacteria bacterium HF0770_27F21,,,1.8178249
Pseudobutyrivibrio xylanivorans,,,1.2118832
Oceanobacillus indicireducens,,,1.8178249
Pseudomonas cichorii,0.4908419,,1.8178249
bacterium F083,,,1.8178249
Arthrobotrys oligospora,,,1.8178249
Candidatus Terrybacteria bacterium RIFCSPLOWO2_02_42_20,,,1.8178249
Streptococcus massiliensis,,,1.8178249
Neisseria sp. HMSC064E01,,,1.8178249
Alistipes sp. An54,,,1.8178249
Prevotella lascolaii,,,1.8178249
Paenibacillus sp. GM1FR,,,1.8178249
Elysia chlorotica,0.4908419,,1.8178249
Clostridium sulfidigenes,,,1.8178249
Rodentibacter genomosp. 2,,,1.8178249
Prevotella sp. CAG:891,,,1.8178249
Streptococcus sp. HMSC074B11,0.4908419,,1.8178249
Streptococcus sp. FDAARGOS_256,,,1.8178249
Emmonsia crescens,,,1.8178249
Neisseria sp. 83E34,,,1.8178249
Aeromonas aquatilis,,,1.8178249
Roseovarius pacificus,,,1.8178249
Bacteroidetes bacterium ADurb.BinA395,,,1.8178249
Prevotella sp. Marseille-P4119,,,1.8178249
Leuconostoc mesenteroides,0.4908419,,1.8178249
Rhizopus microsporus,,,1.8178249
Neisseria wadsworthii,,,1.8178249
Rothia sp. HMSC076D04,,,1.8178249
Capnocytophaga sp. oral taxon 335,0.9816837,,1.8178249
Megasphaera sp. ASD88,,,1.8178249
Robinsoniella sp. RHS,,,1.8178249
Bibersteinia trehalosi,,,0.6059416
Fructobacillus ficulneus,,,1.8178249
Hortaea werneckii,,,1.8178249
Porphyromonas macacae,,,1.8178249
Rodentibacter heylii,,,1.8178249
Fusobacterium sp. HMSC064B12,,,1.8178249
Fusobacterium sp. CM22,,,1.8178249
Fibrobacter intestinalis,,,1.8178249
uncultured Sphingobacteriales bacterium HF0010_19H17,,,1.8178249
Rahnella sp. ERMR1:05,,,1.8178249
Caenorhabditis remanei,,,1.8178249
Carboxydothermus islandicus,,,1.8178249
Cellulomonas sp. Sa3CUA2,,,1.2118832
Penicillium steckii,,,1.2118832
Actinobacillus vicugnae,,,1.2118832
Neisseria sp. HMSC073B07,,,1.2118832
Prevotella multiformis,0.9816837,,1.2118832
Neisseria sp. GT4A_CT1,,,1.2118832
Delftia tsuruhatensis,,,0.6059416
Enterocloster asparagiformis,,,1.2118832
Salimicrobium album,,,1.2118832
Arachis diogoi,,,1.2118832
Lucifera butyrica,,,1.2118832
Actinomyces sp. oral taxon 175,,,1.2118832
Staphylococcus argenteus,,,1.2118832
Eubacterium siraeum CAG:80,,,1.2118832
Campylobacter lanienae,,,0.6059416
Hungatella sp. L12,,,1.2118832
Aspergillus sclerotialis,0.9816837,,1.2118832
Hortaea thailandica,,,1.2118832
Haemophilus sp. HMSC061E01,,,1.2118832
Bacillus smithii,,,1.2118832
Penaeus monodon,,,1.2118832
Mikania micrantha,,,1.2118832
Sutterella wadsworthensis,,,1.2118832
Verrucomicrobiae bacterium Tous-C3TDCM,,,1.2118832
Bacteroides finegoldii,,,1.2118832
Legionella longbeachae,,,1.2118832
Lachnospira pectinoschiza,0.4908419,,1.2118832
Thiomonas delicata,,,1.2118832
Corynebacterium sp. KPL1989,,,1.2118832
Ruminococcus sp. AM41-10BH,,,1.2118832
Candidatus Woesebacteria bacterium GW2011_GWA1_40_43,,,1.2118832
Peltaster fructicola,,,1.2118832
Quercus suber,0.4908419,,1.2118832
Verticillium longisporum,,,1.2118832
Parvimonas sp. oral taxon 110,,,1.2118832
Rickettsiales bacterium,,,1.2118832
Propionicimonas paludicola,,,1.2118832
Cucumis melo,,,1.2118832
Candidatus Peribacteria bacterium GW2011_GWC2_54_8,,,1.2118832
Levilactobacillus brevis,,,1.2118832
Bacillus sp. FJAT-21945,,,1.2118832
Candidatus Rokubacteria bacterium,42.7032429,,1.2118832
Subdoligranulum variabile,,,1.2118832
Actinotignum schaalii,,,1.2118832
Rhizodiscina lignyota,,,1.2118832
Flavobacteriaceae bacterium TMED206,,,1.2118832
Lysoka partiti-like virus,,,1.2118832
Fusobacterium equinum,,,1.2118832
Cupriavidus metallidurans,,,1.2118832
Alterileibacterium massiliense,,,1.2118832
Butyricicoccus pullicaecorum,,,1.2118832
Fusobacterium sp. CM1,,,1.2118832
Botrytis sinoallii,,,1.2118832
Haemophilus sp. C1,,,1.2118832
Lutibacter sp.,,,1.2118832
Corynebacterium sp. CNJ-954,,,1.2118832
Staphylococcus felis,,,1.2118832
Haemophilus sp. HMSC066D03,,,1.2118832
Neisseria sp. HMSC077D05,,,1.2118832
Lacrimispora amygdalina,,,1.2118832
Candidatus Symbiothrix dinenymphae,,,1.2118832
Bat betacoronavirus,,,1.2118832
Lachnoclostridium sp. An76,,,1.2118832
Streptococcus sp. GMD5S,,,1.2118832
Ilyobacter polytropus,,,1.2118832
uncultured Sphingobacterium sp. EB080_L08E11,0.4908419,,1.2118832
Novosphingobium sp. PP1Y,,,1.2118832
Bacillus mycoides,,,1.2118832
Pseudomonas pertucinogena,,,1.2118832
Clostridia bacterium 62_21,,,1.2118832
Dermacoccus nishinomiyaensis,,,1.2118832
Lutibacter litoralis,,,1.2118832
Lysinibacillus xylanilyticus,,,1.2118832
Neisseria sp. HMSC063B05,,,1.2118832
Firmicutes bacterium AM59-13,,,1.2118832
Apibacter adventoris,,,1.2118832
Flavobacterium phragmitis,,,1.2118832
Burkholderia sp. MSMB0266,,,1.2118832
Williamsia marianensis,,,1.2118832
Gallaecimonas pentaromativorans,,,1.2118832
Bartonella sp.,,,1.2118832
Microbacter margulisiae,,,1.2118832
Bacteroides stercoris CAG:120,,,1.2118832
Halomonas sp. AM6,,,1.2118832
Pasteurellaceae bacterium,,,1.2118832
Staphylococcus hominis,,,1.2118832
Bacteroidaceae bacterium HV4-6-C5C,,,1.2118832
Azospirillum lipoferum,,,1.2118832
Acholeplasma brassicae,,,1.2118832
Neisseria sp. HMSC074B07,,,1.2118832
Aerococcus urinae,,,0.6059416
Veillonella sp. 3891,,,1.2118832
Treponema lecithinolyticum,1.9633675,,1.2118832
Rothia sp. Olga,,,1.2118832
Streptomyces griseoflavus,0.9816837,,1.2118832
Prevotella sp. khp1,,,1.2118832
Aggregatibacter kilianii,1.9633675,,1.2118832
Alkalihalobacillus clausii,,,1.2118832
Acholeplasma palmae,,,0.6059416
Habropoda laboriosa,,,1.2118832
Streptococcus sp. 959,,,1.2118832
Dechlorosoma suillum,,,1.2118832
Streptococcus hyointestinalis,,,0.6059416
Triticum aestivum,,,1.2118832
Chishuiella changwenlii,,,1.2118832
Candidatus Jacksonbacteria bacterium RIFCSPLOWO2_02_FULL_43_9,,,1.2118832
Bacteroides pyogenes,,,1.2118832
Brevibacillus borstelensis,,,1.2118832
uncultured Chloroflexi bacterium HF0200_09I09,,,1.2118832
Peptoniphilus lacrimalis,,,1.2118832
Spirochaetales bacterium,,,1.2118832
Bordetella pertussis,3.4358931,,1.2118832
Veillonella sp. AF13-2,,,1.2118832
uncultured Rhizobiales bacterium HF4000_32B18,,,1.2118832
Intestinimonas butyriciproducens,,,1.2118832
Andreprevotia sp. IGB-42,,,1.2118832
Clostridium sp. CAG:710,,,1.2118832
Streptococcus sp. LQJ-218,,,1.2118832
Bacillus anthracis,0.4908419,,1.2118832
Mycoplasma gallinaceum,,,1.2118832
Faecalibacterium sp. An122,,,1.2118832
Peptostreptococcus russellii,,,1.2118832
Providencia rettgeri,372.5489811,,1.2118832
Microbacterium nanhaiense,,,1.2118832
Ensete ventricosum,,,1.2118832
Treponema sp. Marseille-Q3903,0.9816837,,1.2118832
Streptococcus gallolyticus,,,1.2118832
Gleimia europaea,,,1.2118832
Carex littledalei,,,1.2118832
Anditalea andensis,,,1.2118832
Mesorhizobium sp.,,,1.2118832
uncultured phage,,,1.2118832
Gallibacterium salpingitidis,,,1.2118832
bacterium AMD02,,,1.2118832
Veillonella sp. AS16,,,1.2118832
Flavobacterium beibuense,,,1.2118832
uncultured bacterium IN-06,,,1.2118832
Candidatus Nanosyncoccus alces,,,1.2118832
Friedmanniomyces endolithicus,,,1.2118832
Myroides sp. WP-1,,,1.2118832
Robiginitalea myxolifaciens,,,1.2118832
Tetracentron sinense,,,1.2118832
Schistosoma japonicum,,,1.2118832
Streptococcus halichoeri,,,1.2118832
Amphritea balenae,,,1.2118832
Clostridium sp. D5,,,1.2118832
Rothia sp. HMSC069C10,,,1.2118832
Actinobacteria bacterium,,,1.2118832
Acinetobacter towneri,9.3259956,,1.2118832
Flavobacteriaceae bacterium JJC,,,1.2118832
Prevotella sp. P5-50,,,1.2118832
Lachnospiraceae bacterium AM23-7LB,,,1.2118832
Eubacterium ruminantium,,,1.2118832
Cellulomonas flavigena,,,1.2118832
Brevundimonas sp. G8,,,1.2118832
Clostridium cadaveris,,,1.2118832
Acidobacteriia bacterium SbA2,,,1.2118832
uncultured Roseburia sp.,,,1.2118832
Flavobacterium koreense,,,1.2118832
Dialister invisus CAG:218,,,1.2118832
Porphyromonas sp. COT-290 OH3588,,,1.2118832
Corynebacterium sp.,,,1.2118832
bacterium BFN5,4.4175769,,0.6059416
Paenibacillus sp. ICGEB2008,0.4908419,,1.2118832
Streptococcus sp. HMSC061D10,0.4908419,,1.2118832
Pseudoglutamicibacter albus,,,1.2118832
Roseburia sp. BX1005,,,1.2118832
Thermogemmatispora aurantia,0.9816837,,1.2118832
Roseburia sp. AF22-8AC,,,1.2118832
Bacillus ginsengihumi,,,1.2118832
Butyrivibrio sp. CB08,,,1.2118832
Daldinia childiae,,,1.2118832
Streptococcus sp. 10824,,,1.2118832
Streptococcus sp. 343_SSPC,,,1.2118832
Mangrovimonas spongiae,,,1.2118832
uncultured Spirochaetes bacterium,0.4908419,,0.6059416
Aneurinibacillus danicus,,,1.2118832
Chryseobacterium sp. Leaf394,,,1.2118832
Clostridium sp. CAG:417,,,1.2118832
Candidatus Nanosynsacchari sp. TM7_ANC_38.39_G1_1,,,1.2118832
Delphinella strobiligena,,,1.2118832
Pseudomonas syringae group genomosp. 3,,,1.2118832
Veillonella magna,,,1.2118832
Cellulophaga baltica,,,1.2118832
Anaerotignum lactatifermentans,,,1.2118832
Gemmata obscuriglobus,,,1.2118832
Veillonella sp. S13054-11,,,1.2118832
Microdochium bolleyi,,,1.2118832
Clostridium sp. CAG:964,,,1.2118832
Saccharibacillus sp. O23,,,1.2118832
Roseimaritima sp. JC640,,,1.2118832
Lacrimispora celerecrescens,,,1.2118832
Siphoviridae sp.,,,1.2118832
Celeribacter marinus,,,1.2118832
Lachnospiraceae bacterium 28-4,,,1.2118832
uncultured delta proteobacterium HF0010_01J10,,,1.2118832
Methanocaldococcus bathoardescens,,,1.2118832
Gemella asaccharolytica,,,1.2118832
Streptococcus sp. IMAU 99161,,,1.2118832
Prevotella sp. CAG:1058,,,1.2118832
Peptostreptococcus sp. MV1,,,1.2118832
Magnetospirillum sp. XM-1,,,1.2118832
Streptococcus sp. GMD2S,,,1.2118832
Neisseria sp. HMSC070H10,,,1.2118832
Vibrio anguillarum,,,1.2118832
Agrobacterium tumefaciens,,,1.2118832
Facklamia languida,,,1.2118832
Zhihengliuella salsuginis,,,1.2118832
Klebsiella michiganensis,,,1.2118832
Bariatricus massiliensis,,,1.2118832
Blattabacterium sp. (Nauphoeta cinerea),0.9816837,,1.2118832
Microcella alkaliphila,,,1.2118832
Prevotella sp. CAG:924,,,1.2118832
Firmicutes bacterium AM29-6AC,,,1.2118832
Bacillus pumilus,,,1.2118832
Arenibacter aquaticus,,,1.2118832
Candidatus Levybacteria bacterium CG_4_10_14_0_2_um_filter_36_16,,,1.2118832
Cryomyces minteri,,,1.2118832
Medicago truncatula,,,1.2118832
Phytophthora rubi,,,0.6059416
Alkalibacterium kapii,,,0.6059416
Actinobacillus capsulatus,0.4908419,,0.6059416
Veillonellaceae bacterium DNF00626,,,0.6059416
Leptospira interrogans,,,0.6059416
Prevotella sp. P5-108,,,0.6059416
Bacteroides sp. AM23-18,,,0.6059416
Eggerthia catenaformis,,,0.6059416
Paenibacillus oralis,,,0.6059416
Arachis duranensis,,,0.6059416
Arenibacter nanhaiticus,,,0.6059416
Yersinia enterocolitica,,,0.6059416
Prevotella sp. oral taxon 376,0.9816837,,0.6059416
Halobacillus faecis,,,0.6059416
Neisseria animalis,,,0.6059416
Veillonella sp. CHU594,,,0.6059416
Lonepinella koalarum,,,0.6059416
Bacillus phage AR9,,,0.6059416
Deinococcus sp. K2S05-167,,,0.6059416
Auxenochlorella protothecoides,,,0.6059416
Streptococcus sp. HMSC078D09,,,0.6059416
Prevotella stercorea,,,0.6059416
Calditerrivibrio nitroreducens,,,0.6059416
Veillonella sp. 3627,,,0.6059416
Bacillus sp. COPE52,,,0.6059416
Bacteroidetes bacterium GWF2_41_61,,,0.6059416
Prevotella sp. tc2-28,,,0.6059416
Caloranaerobacter azorensis,,,0.6059416
Atopobium sp. oral taxon 810,,,0.6059416
Aeromonas salmonicida,,,0.6059416
Ruminococcus sp. AM23-1LB,,,0.6059416
Streptococcus sp. OH4692_COT-348,,,0.6059416
Alistipes sp. CAG:53,,,0.6059416
Bifidobacterium vansinderenii,,,0.6059416
Leptospira kirschneri,,,0.6059416
Xenorhabdus bovienii,,,0.6059416
Aspergillus fumigatiaffinis,0.4908419,,0.6059416
Bacteroidetes oral taxon 274,,,0.6059416
Sinomicrobium sp. FJxs,,,0.6059416
Megasphaera cerevisiae,,,0.6059416
Sulfuritalea hydrogenivorans,,,0.6059416
Spirosoma rigui,,,0.6059416
Capnocytophaga sp. oral taxon 336,,,0.6059416
Prevotella sp. S7 MS 2,,,0.6059416
Moraxella sp.,0.9816837,,0.6059416
Prevotella multisaccharivorax,,,0.6059416
Corynebacterium propinquum,,,0.6059416
Desulfosporosinus sp. Tol-M,,,0.6059416
Tenericutes bacterium GWA2_35_7,,,0.6059416
Sphaerochaeta halotolerans,,,0.6059416
Candidatus Photodesmus katoptron,,,0.6059416
Penicillium oxalicum,,,0.6059416
Pseudogymnoascus sp. 03VT05,,,0.6059416
Neisseria sp. HMSC15C08,,,0.6059416
Streptococcus sp. HMSC057E02,,,0.6059416
Pseudomonas xanthomarina,,,0.6059416
Ruminococcaceae bacterium AM07-15,,,0.6059416
Collinsella sp. An271,2.4542094,,0.6059416
Blautia wexlerae,,,0.6059416
uncultured delta proteobacterium HF0070_15B21,,,0.6059416
Aeromonas diversa,,,0.6059416
Streptococcus sp. CM6,,,0.6059416
Clostridium sp. AF19-22AC,,,0.6059416
Staphylococcus caprae,0.9816837,,0.6059416
Shuttleworthia satelles,,,0.6059416
Glycine soja,,,0.6059416
Streptococcus sp. DD12,,,0.6059416
Enterobacter sp. 638,,,0.6059416
Penicillium subrubescens,,,0.6059416
Streptococcus sp. HMSC056C01,,,0.6059416
Erythrobacter sp. EC-HK427,,,0.6059416
Leptotrichia shahii,,,0.6059416
Prevotella sp. CAG:755,,,0.6059416
Olsenella sp. AM30-3LB,,,0.6059416
Prevotella sp. MA2016,,,0.6059416
Furfurilactobacillus rossiae,,,0.6059416
uncultured bacterium FPPS_57A9,,,0.6059416
Nocardioides deserti,,,0.6059416
Dysgonomonas mossii,,,0.6059416
Clostridium beijerinckii,,,0.6059416
Amycolatopsis bullii,,,0.6059416
Neisseria sp. HMSC066F04,,,0.6059416
Prevotella sp. 885,,,0.6059416
Lysinibacillus sphaericus,,,0.6059416
Gemella cuniculi,0.4908419,,0.6059416
bacterium endosymbiont of Bathymodiolus sp. 5 South,,,0.6059416
Brochothrix thermosphacta,,,0.6059416
Streptococcus sp. UMB0029,,,0.6059416
Actinomyces sp. oral taxon 170,,,0.6059416
Hahella chejuensis,,,0.6059416
Streptococcus sp. HMSC074F05,,,0.6059416
Prevotella sp. P4-67,,,0.6059416
Clostridium sp. AF12-41,,,0.6059416
Desulfofundulus thermocisternus,,,0.6059416
Pasteurella skyensis,,,0.6059416
Hespellia stercorisuis,,,0.6059416
Hevea brasiliensis,1.9633675,,0.6059416
Streptomyces pristinaespiralis,,,0.6059416
Ruminococcus sp. YE78,,,0.6059416
Seonamhaeicola marinus,,,0.6059416
Parabacteroides sp. HGS0025,1.4725256,,0.6059416
Leptotrichia massiliensis,,,0.6059416
Coprococcus sp. OM06-34AC,,,0.6059416
Treponema porcinum,,,0.6059416
Staphylococcus equorum,,,0.6059416
Pasteurella langaaensis,,,0.6059416
Flavobacterium sp.,,,0.6059416
Parabacteroides sp. N37,,,0.6059416
Sphingobacterium psychroaquaticum,,,0.6059416
Macrococcus goetzii,,,0.6059416
Peptostreptococcus sp. Marseille-P4308,,,0.6059416
Bacteroidales bacterium St1,,,0.6059416
Cricetibacter osteomyelitidis,0.4908419,,0.6059416
Veillonella sp. 3960,,,0.6059416
Sinomicrobium sp. N-1-3-6,,,0.6059416
Clostridiales bacterium COT073_COT-073,,,0.6059416
Mycoplasma haemofelis,,,0.6059416
uncultured bacterium A1Q1_fos_4,,,0.6059416
Lentibacillus populi,,,0.6059416
Aspergillus fumigatus,,,0.6059416
Emergomyces pasteurianus,,,0.6059416
Flavobacterium marinum,,,0.6059416
Xylella fastidiosa,,,0.6059416
Streptococcus sp. SK140,0.9816837,,0.6059416
Streptococcus sp. 400_SSPC,,,0.6059416
Rothia sp. HMSC072E10,,,0.6059416
Selenomonas sp. F0473,,,0.6059416
Candidatus Thioglobus sp.,,,0.6059416
Ruminococcus sp. AM36-18,,,0.6059416
Enterococcus sp. 8G7_MSG3316,,,0.6059416
Peptoniphilus sp. oral taxon 386,,,0.6059416
Candidatus Woesebacteria bacterium GW2011_GWC1_43_10b,,,0.6059416
Bacillus pseudomycoides,,,0.6059416
Deltaproteobacteria bacterium,,,0.6059416
Virgibacillus sp. Bac332,,,0.6059416
Campylobacter hominis,,,0.6059416
Candidatus Ryanbacteria bacterium RIFCSPLOWO2_01_FULL_48_26,,,0.6059416
Dysgonomonas sp. Marseille-P4361,,,0.6059416
Liquorilactobacillus vini,,,0.6059416
Atopobium deltae,,,0.6059416
Delftia acidovorans,,,0.6059416
Subdoligranulum sp.,,,0.6059416
Methylobacterium aquaticum,,,0.6059416
Enterococcus sp. 10A9_DIV0425,,,0.6059416
Streptococcus parauberis,,,0.6059416
Acidimangrovimonas indica,,,0.6059416
Campylobacter sp. RM16192,,,0.6059416
Bacteroides sp. 519,,,0.6059416
Terrisporobacter glycolicus,,,0.6059416
Streptococcus sp. HMSC065E03,,,0.6059416
Chalara longipes,,,0.6059416
Parabacteroides sp. CAG:409,,,0.6059416
Alphaproteobacteria bacterium MarineAlpha3_Bin1,,,0.6059416
Sphingomonas mesophila,,,0.6059416
Saccharospirillum salsuginis,1.4725256,,0.6059416
Vibrio mimicus,,,0.6059416
Myroides sp. N17-2,,,0.6059416
Prevotella sp. CAG:520,,,0.6059416
Aspergillus tamarii,,,0.6059416
Mycobacterium xenopi,,,0.6059416
Bacteroides oleiciplenus,,,0.6059416
Candidatus Nitrosopumilus salaria,0.4908419,,0.6059416
Kitasatospora indigofera,,,0.6059416
Undibacterium squillarum,0.9816837,,0.6059416
uncultured bacterium FGYC_13M19,2.4542094,,0.6059416
Treponema pectinovorum,,,0.6059416
Streptococcus sp. HSISM1,,,0.6059416
Neisseria sp. HMSC061E12,,,0.6059416
Kingella sp.,,,0.6059416
Enterococcus hirae,,,0.6059416
Venturia inaequalis,,,0.6059416
Carboxydothermus pertinax,,,0.6059416
Actinomyces sp. oral taxon 877,,,0.6059416
Psychrosphaera saromensis,289.1058628,,0.6059416
Aster yellows witches'-broom phytoplasma,,,0.6059416
uncultured Verrucomicrobiales bacterium HF0200_39L05,,,0.6059416
Puccinia coronata,0.9816837,,0.6059416
Aspergillus luchuensis,,,0.6059416
Veillonella sp. CAG:933,,,0.6059416
Toxocara canis,0.9816837,,0.6059416
Pelotomaculum sp. PtaU1.Bin035,,,0.6059416
Phaseolus vulgaris,,,0.6059416
Virgibacillus kapii,,,0.6059416
Vigna unguiculata,,,0.6059416
Vibrio kanaloae,,,0.6059416
Marinobacter gelidimuriae,,,0.6059416
Vibrio sp. 03_296,0.9816837,,0.6059416
Clostridium sp. AM48-13,,,0.6059416
Streptomyces sp. WAC 01420,0.4908419,,0.6059416
Eikenella sp. NML03-A-027,,,0.6059416
Mycoplasma opalescens,,,0.6059416
Bacteroidetes bacterium ADurb.Bin037,,,0.6059416
Lachnospiraceae bacterium MD335,,,0.6059416
Evtepia gabavorous,,,0.6059416
Acetoanaerobium noterae,,,0.6059416
Streptococcus sp. C150,,,0.6059416
Bacillus obstructivus,,,0.6059416
Streptococcus sp. 1343,,,0.6059416
Geosporobacter subterraneus,,,0.6059416
Gorillibacterium massiliense,,,0.6059416
Mobiluncus curtisii,,,0.6059416
Candidatus Phytoplasma pruni,,,0.6059416
Sphaerochaeta sp. S2,,,0.6059416
Phocoenobacter uteri,,,0.6059416
Desulfovibrio magneticus,,,0.6059416
Streptococcus sp. HPH0090,,,0.6059416
Halomonas halmophila,,,0.6059416
Peptostreptococcus canis,,,0.6059416
Nocardioides immobilis,0.4908419,,0.6059416
uncultured Acidobacteria bacterium HF4000_26D02,,,0.6059416
Bacteroides sp. CAG:144,,,0.6059416
Porphyromonas circumdentaria,,,0.6059416
Bifidobacterium aquikefiri,,,0.6059416
Prevotella sp. oral taxon 820,1.9633675,,0.6059416
Slackia isoflavoniconvertens,,,0.6059416
Aphanomyces euteiches,0.9816837,,0.6059416
Rodentibacter sp. DSM 111151,,,0.6059416
Aerococcus sanguinicola,,,0.6059416
Lactobacillus helveticus,,,0.6059416
Lactobacillus johnsonii,,,0.6059416
Olsenella scatoligenes,,,0.6059416
Fusobacterium mortiferum,,,0.6059416
Parabacteroides sp. ZJ-118,,,0.6059416
Curtobacterium oceanosedimentum,,,0.6059416
Brachyspira pilosicoli,,,0.6059416
Haemophilus haemoglobinophilus,,,0.6059416
Parabacteroides sp. 52,,,0.6059416
Tangfeifania diversioriginum,,,0.6059416
Lactobacillus gasseri,7.3626281,,0.6059416
Neisseria sp. HMSC06F02,0.9816837,,0.6059416
Borreliella burgdorferi,,,0.6059416
Leptotrichia sp. oral taxon 223,,,0.6059416
Actinomyces mediterranea,,,0.6059416
Blattabacterium sp. (Mastotermes darwiniensis),,,0.6059416
Barnesiella sp. An55,,,0.6059416
Legionella taurinensis,,,0.6059416
Lachnoclostridium edouardi,,,0.6059416
Streptococcus sp. D19,,,0.6059416
Fructilactobacillus fructivorans,,,0.6059416
uncultured bacterium 405006-B04,,,0.6059416
Rodentibacter rarus,,,0.6059416
Shewanella fodinae,,,0.6059416
Peptoniphilus duerdenii,,,0.6059416
Oscillibacter sp. KLE 1728,,,0.6059416
Sphingobacteriales bacterium 24-40-4,,,0.6059416
Lonsdalea populi,,,0.6059416
Prevotella sp. PMUR,,,0.6059416
Flavobacterium arcticum,,,0.6059416
Neisseria dumasiana,,,0.6059416
Streptococcus minor,,,0.6059416
Pseudoalteromonas sp. S4488,14028.7515535,,
Lautropia mirabilis,2.9450512,,
Acetobacter indonesiensis,290.5783884,,
Cronobacter sakazakii,275.8531323,,
unidentified influenza virus,102.0951094,,
Prevotella enoeca,0.4908419,,
Citrus sinensis,1.9633675,,
Candidatus Pacebacteria bacterium CG_4_9_14_0_2_um_filter_36_8,25.5237774,,
Escherichia fergusonii,2.4542094,,
Arthrobacter stackebrandtii,8.8351537,,
Mycolicibacter kumamotonensis,7.85347,,
Schaalia cardiffensis,0.9816837,,
Enterobacter sp. R4-368,6.3809443,,
Parageobacillus thermoglucosidasius,5.8901025,,
Botryococcus braunii,4.4175769,,
Jatropha curcas,3.926735,,
Citrus clementina,0.9816837,,
Dialister pneumosintes,0.9816837,,
Phoenix dactylifera,0.9816837,,
Flammeovirga yaeyamensis,3.4358931,,
Porphyromonas uenonis,2.9450512,,
Undibacterium macrobrachii,2.9450512,,
Elaeis guineensis,2.4542094,,
Aeromonas hydrophila,0.9816837,,
Bifidobacterium breve,2.4542094,,
Carica papaya,1.9633675,,
Dothistroma septosporum,1.9633675,,
Pragia fontium,1.9633675,,
Hibiscus syriacus,1.9633675,,
Catonella sp.,1.9633675,,
bacterium G20,1.4725256,,
Rhodococcus opacus,1.4725256,,
Nymphaea colorata,1.4725256,,
Chryseobacterium frigidisoli,1.4725256,,
Escherichia marmotae,1.4725256,,
Hydrogenivirga sp. 128-5-R1-1,1.4725256,,
Vibrio sp. 10N.286.45.A3,1.4725256,,
Morus notabilis,1.4725256,,
Actinomyces virus Av1,0.9816837,,
Arabidopsis thaliana,0.9816837,,
uncultured Candidatus Atribacteria bacterium,0.9816837,,
Corynebacterium jeikeium,0.4908419,,
Cocos nucifera,0.9816837,,
Aurantimonas manganoxydans,0.9816837,,
Chryseobacterium sp. 39-10,0.9816837,,
Serratia liquefaciens,0.9816837,,
Gossypium darwinii,0.9816837,,
Peptostreptococcaceae bacterium AS15,0.9816837,,
Thermogutta terrifontis,0.9816837,,
Tetradium ruticarpum,0.9816837,,
Actinomyces sp. 432,0.9816837,,
Rodentibacter myodis,0.9816837,,
Penicillium digitatum,0.9816837,,
Citrus tristeza virus,0.9816837,,
Superficieibacter electus,0.9816837,,
Camellia sinensis,0.9816837,,
Lagenaria siceraria,0.9816837,,
Arthrobacter sp. Hiyo8,0.9816837,,
Novosphingobium sp. TCA1,0.9816837,,
Aspergillus glaucus,0.9816837,,
Paraburkholderia humisilvae,0.9816837,,
Micromelum minutum,0.9816837,,
Mitsuaria sp. WAJ17,0.9816837,,
Vitis vinifera,0.9816837,,
Arthrobacter castelli,0.9816837,,
Rhamnella rubrinervis,0.9816837,,
Aeromonas dhakensis,0.9816837,,
Colletotrichum gloeosporioides,0.9816837,,
Pseudomonas phage 98PfluR60PP,0.9816837,,
Histoplasma capsulatum,0.9816837,,
Shewanella benthica,0.9816837,,
Mammaliicoccus vitulinus,0.9816837,,
Glycine max,0.9816837,,
Siccirubricoccus deserti,0.9816837,,
Pigmentiphaga litoralis,0.9816837,,
Dolosicoccus paucivorans,0.9816837,,
Nelumbo nucifera,0.9816837,,
Treponema zioleckii,0.9816837,,
Enterococcus saccharolyticus,0.9816837,,
Dubrovin virus,0.9816837,,
Chlamydia ibidis,0.9816837,,
Zasmidium cellare,0.4908419,,
Rothia sp. HMSC073B08,0.9816837,,
Cajanus cajan,0.9816837,,
Myxobacter sp. HK1,0.9816837,,
Neobacillus drentensis,0.9816837,,
Citrus unshiu,0.9816837,,
Senna tora,0.9816837,,
Nicotiana attenuata,0.9816837,,
Cucumis sativus,0.9816837,,
Xenorhabdus nematophila,0.9816837,,
Fusobacterium naviforme,0.9816837,,
Actinomyces culturomici,0.4908419,,
Flavobacterium sp. TAB 87,0.4908419,,
Candidatus Liberibacter solanacearum,0.4908419,,
Gossypium arboreum,0.4908419,,
Alkalibacterium putridalgicola,0.4908419,,
Haemonchus contortus,0.4908419,,
Enterobacter sp. OV724,0.4908419,,
Hymenobacter sp. HDW8,0.4908419,,
Propionibacterium sp. 409-HC1,0.4908419,,
Hafnia alvei,0.4908419,,
Prevotella sp. kh1p2,0.4908419,,
Acidomyces sp. 'richmondensis',0.4908419,,
Thermodesulfobacterium commune,0.4908419,,
Providencia thailandensis,0.4908419,,
Cronobacter turicensis,0.4908419,,
Actinobacillus ureae,0.4908419,,
Delftia sp. ASV31,0.4908419,,
Rhodococcus qingshengii,0.4908419,,
Propionibacterium acidifaciens,0.4908419,,
Licania sprucei,0.4908419,,
Sinapis alba,0.4908419,,
Gossypium mustelinum,0.4908419,,
candidate division Zixibacteria bacterium,0.4908419,,
Anoxybacillus sp. KU2-6(11),0.4908419,,
Haemophilus sp. SZY H2,0.4908419,,
Sutterella parvirubra,0.4908419,,
Candidatus Frankia nodulisporulans,0.4908419,,
uncultured actinobacterium HF0500_35G12,0.4908419,,
Shigella genomosp. SF-2015,0.4908419,,
Colletotrichum viniferum,0.4908419,,
Prevotella sp. P5-92,0.4908419,,
Streptococcus sp. F0442,0.4908419,,
Cucurbita moschata,0.4908419,,
Arthrobacter sp. Hz2,0.4908419,,
Pedobacter sp. ASV19,0.4908419,,
Desulfurococcaceae archaeon AG1,0.4908419,,
Bacteroides stercoris,0.4908419,,
Exophiala dermatitidis,0.4908419,,
Legionella erythra,0.4908419,,
Beauveria bassiana,0.4908419,,
Flavobacterium sp. SNL9,0.4908419,,
Arachis ipaensis,0.4908419,,
Acinetobacter pittii,0.4908419,,
Lelliottia amnigena,0.4908419,,
Lactiplantibacillus pentosus,0.4908419,,
Cercospora zeae-maydis,0.4908419,,
Aspergillus turcosus,0.4908419,,
Populus trichocarpa,0.4908419,,
Mycoplasma sp. CAG:877,0.4908419,,
